Study_ID|Celltype_1,Study_ID|Celltype_2,best_AUROC,Mean_AUROC,Match_type
Zeng|14920,Macosko|Astro_Agt_Sntg1,0.9498609390281318,0.9498609390281318,Reciprocal_top_hit
Zeng|14953,Macosko|Astro_Emid1_Cd38,0.9790037223604712,0.9790037223604712,Reciprocal_top_hit
Zeng|1613,Macosko|Astro_Emid1_Gdf10,0.9824231841019652,0.9824231841019652,Reciprocal_top_hit
Zeng|205,Macosko|Astro_Ephb1_Fzd2,0.8997464252708455,0.8997464252708455,Reciprocal_top_hit
Zeng|14932,Macosko|Astro_Ephb1_Gfap,0.8922311370561364,0.8922311370561364,Reciprocal_top_hit
Zeng|4676,Macosko|Astro_Fabp7_Hs3st3a1_1,0.9585703889285824,0.9585703889285824,Reciprocal_top_hit
Zeng|2449,Macosko|Astro_Fabp7_Hs3st3a1_2,0.9601662972229644,0.9601662972229644,Reciprocal_top_hit
Zeng|14948,Macosko|Astro_Fabp7_Hs3st3a1_3,0.952213143551964,0.952213143551964,Reciprocal_top_hit
Zeng|14886,Macosko|Astro_Fabp7_Wt1,0.9793964606836,0.9793964606836,Reciprocal_top_hit
Zeng|4050,Macosko|CholEx_Fbxl7_Defa24,0.9983918894934468,0.9983918894934468,Reciprocal_top_hit
Zeng|1312,Macosko|CholEx_Hoxc4_Olfr681,0.9968676202380844,0.9968676202380844,Reciprocal_top_hit
Zeng|2893,Macosko|CholEx_Irx2_Slc43a3_1,0.9990815873092468,0.9990815873092468,Reciprocal_top_hit
Zeng|1337,Macosko|CholEx_Irx2_Slc43a3_3,0.9988276487836628,0.9988276487836628,Reciprocal_top_hit
Zeng|2672,Macosko|CholEx_Irx2_Slc43a3_4,0.9932001337276036,0.9932001337276036,Reciprocal_top_hit
Zeng|2164,Macosko|CholEx_Lmx1a_Tfcp2l1,0.7181651301068906,0.7181651301068906,Reciprocal_top_hit
Zeng|1913,Macosko|CholEx_Onecut2_Tnfrsf15,0.9593689006252004,0.9593689006252004,Reciprocal_top_hit
Zeng|3121,Macosko|CholEx_Phox2a_Npy4r,0.910870653758268,0.910870653758268,Reciprocal_top_hit
Zeng|2880,Macosko|CholEx_Pou4f1_Irx3,0.9908212060767242,0.9908212060767242,Reciprocal_top_hit
Zeng|3353,Macosko|CholEx_Pou4f2_Gli3,0.945784440045075,0.945784440045075,Reciprocal_top_hit
Zeng|24535,Macosko|CholEx_Tcf24_Oxtr,0.9977637496936886,0.9977637496936886,Reciprocal_top_hit
Zeng|2046,Macosko|CholInh_Ecel1_Ghrh_2,0.9994399393174944,0.9994399393174944,Reciprocal_top_hit
Zeng|2697,Macosko|CholInh_Ecel1_Nid1,0.9965051965629282,0.9965051965629282,Reciprocal_top_hit
Zeng|3074,Macosko|CholInh_Onecut3_Vmn1r213,0.9581542538453576,0.9581542538453576,Reciprocal_top_hit
Zeng|1449,Macosko|Chol_C1ql4_Olfr1033,0.9989687164457728,0.9989687164457728,Reciprocal_top_hit
Zeng|742,Macosko|Chol_Ecel1_1700025C18Rik_1,0.8767958532788986,0.8767958532788986,Reciprocal_top_hit
Zeng|2211,Macosko|Chol_Ecel1_Crabp2_1,0.9988768550165174,0.9988768550165174,Reciprocal_top_hit
Zeng|4826,Macosko|Chol_Ecel1_Crabp2_2,0.9988445482491446,0.9988445482491446,Reciprocal_top_hit
Zeng|2074,Macosko|Chol_Ecel1_Gm7271,0.9996234736735664,0.9996234736735664,Reciprocal_top_hit
Zeng|565,Macosko|Chol_Ecel1_Insrr,0.9994225456652264,0.9994225456652264,Reciprocal_top_hit
Zeng|864,Macosko|Chol_Ecel1_Nid1,0.9952276548266276,0.9952276548266276,Reciprocal_top_hit
Zeng|312,Macosko|Chol_Ecel1_S100a11,0.9691251475590856,0.9691251475590856,Reciprocal_top_hit
Zeng|4263,Macosko|Chol_Ecel1_Sall4,0.9985443896641164,0.9985443896641164,Reciprocal_top_hit
Zeng|1052,Macosko|Chol_Irx4_Crispld2,0.9852956975950568,0.9852956975950568,Reciprocal_top_hit
Zeng|589,Macosko|Chol_Irx4_Matn1_1,0.9980736855131116,0.9980736855131116,Reciprocal_top_hit
Zeng|4302,Macosko|Chol_Irx4_Matn1_2,0.7924205254863588,0.7924205254863588,Reciprocal_top_hit
Zeng|4183,Macosko|Chol_Irx4_Matn1_5,0.998651655109148,0.998651655109148,Reciprocal_top_hit
Zeng|859,Macosko|Chol_Isl2_1700017N19Rik_2,0.99559082450603,0.99559082450603,Reciprocal_top_hit
Zeng|2065,Macosko|Chol_Isl2_Gata6_3,0.945555030859226,0.945555030859226,Reciprocal_top_hit
Zeng|1733,Macosko|Chol_Isl2_Il22ra1_1,0.9812278091413204,0.9812278091413204,Reciprocal_top_hit
Zeng|5093,Macosko|Chol_Isl2_Il22ra1_2,0.9859325850634856,0.9859325850634856,Reciprocal_top_hit
Zeng|3812,Macosko|Chol_Isl2_Il22ra1_3,0.9959698515466616,0.9959698515466616,Reciprocal_top_hit
Zeng|3410,Macosko|Chol_Isl2_Mnx1_2,0.9969786408777384,0.9969786408777384,Reciprocal_top_hit
Zeng|1394,Macosko|Chol_Lhx4_Lrrc52,0.9151688753283648,0.9151688753283648,Reciprocal_top_hit
Zeng|427,Macosko|Chol_Pitx2_Antxrl,0.8892475221922503,0.8892475221922503,Reciprocal_top_hit
Zeng|899,Macosko|Chol_Tbx20_A4galt_2,0.945416684396666,0.945416684396666,Reciprocal_top_hit
Zeng|2806,Macosko|Chol_Tbx20_Car3,0.9984026394136504,0.9984026394136504,Reciprocal_top_hit
Zeng|15001,Macosko|Chol_Tbx20_Fst_1,0.8203197715108448,0.8203197715108448,Reciprocal_top_hit
Zeng|2552,Macosko|Chol_Tbx20_Gm7694_1,0.968101830044182,0.968101830044182,Reciprocal_top_hit
Zeng|1167,Macosko|Chol_Tbx20_Has2,0.9601662914367664,0.9601662914367664,Reciprocal_top_hit
Zeng|3692,Macosko|Chol_Tbx20_Plau,0.9961684756944011,0.9961684756944011,Reciprocal_top_hit
Zeng|5091,Macosko|Chol_Tbx20_S100a11_1,0.8913911234663862,0.8913911234663862,Reciprocal_top_hit
Zeng|1926,Macosko|Chol_Tbx20_S100a11_2,0.9600610405654986,0.9600610405654986,Reciprocal_top_hit
Zeng|2651,Macosko|Chol_Tbx20_S100a11_4,0.9964194902125432,0.9964194902125432,Reciprocal_top_hit
Zeng|2338,Macosko|Chol_Tbx20_S100a11_8,0.9983855504527196,0.9983855504527196,Reciprocal_top_hit
Zeng|4516,Macosko|Chol_Tbx3_Ptgr1,0.9958839923088,0.9958839923088,Reciprocal_top_hit
Zeng|2543,Macosko|DopEx_Calb1_Aqp1,0.9994609225810142,0.9994609225810142,Reciprocal_top_hit
Zeng|2400,Macosko|DopEx_Calb1_Col6a5,0.9993732719809876,0.9993732719809876,Reciprocal_top_hit
Zeng|2415,Macosko|DopEx_Calb1_Lpl_1,0.9988993126319702,0.9988993126319702,Reciprocal_top_hit
Zeng|1481,Macosko|DopEx_Calb1_Lpl_2,0.9954278734559384,0.9954278734559384,Reciprocal_top_hit
Zeng|2396,Macosko|DopEx_Calb1_Mc3r,0.9986560922573712,0.9986560922573712,Reciprocal_top_hit
Zeng|2397,Macosko|DopEx_Calb1_Npw_2,0.9253410533557558,0.9253410533557558,Reciprocal_top_hit
Zeng|3188,Macosko|DopEx_Calb1_Tdh,0.9923019850930176,0.9923019850930176,Reciprocal_top_hit
Zeng|2578,Macosko|DopEx_Calb1_Trpv1,0.9941610884502076,0.9941610884502076,Reciprocal_top_hit
Zeng|2416,Macosko|DopEx_Sox6_Aldh1a1,0.9232621035192156,0.9232621035192156,Reciprocal_top_hit
Zeng|4852,Macosko|Endo_Flt1_Acta2_Olfr558_3,0.9858682528402184,0.9858682528402184,Reciprocal_top_hit
Zeng|4041,Macosko|Endo_Flt1_Actg2,0.941654200980664,0.941654200980664,Reciprocal_top_hit
Zeng|2122,Macosko|Endo_Flt1_Cysltr1_Slc19a3,0.9409360995852564,0.9409360995852564,Reciprocal_top_hit
Zeng|72,Macosko|Endo_Flt1_Cytl1,0.9965909985798076,0.9965909985798076,Reciprocal_top_hit
Zeng|1978,Macosko|Endo_Flt1_Exoc3l2_1,0.954306682659529,0.954306682659529,Reciprocal_top_hit
Zeng|2135,Macosko|Endo_Flt1_Exoc3l2_2,0.9166355991176118,0.9166355991176118,Reciprocal_top_hit
Zeng|237,Macosko|Endo_Flt1_Kcnj8_Slc47a2_1,0.9879218094482126,0.9879218094482126,Reciprocal_top_hit
Zeng|1706,Macosko|Endo_Flt1_Kcnj8_Slc47a2_2,0.9984967338424858,0.9984967338424858,Reciprocal_top_hit
Zeng|5248,Macosko|Endo_Flt1_Kcnj8,0.8820659537601728,0.8820659537601728,Reciprocal_top_hit
Zeng|2769,Macosko|Endo_Flt1_Lrg1_2,0.9954536353084538,0.9954536353084538,Reciprocal_top_hit
Zeng|400,Macosko|Endo_Flt1_Lrg1_4,0.8708798215576127,0.8708798215576127,Reciprocal_top_hit
Zeng|1139,Macosko|Endo_Flt1_Lrg1_5,0.9925247968231128,0.9925247968231128,Reciprocal_top_hit
Zeng|5254,Macosko|Endo_Flt1_Rgs5_Slc19a3_1,0.998406423424644,0.998406423424644,Reciprocal_top_hit
Zeng|349,Macosko|Endo_Flt1_Ssu2_1,0.9983584415784618,0.9983584415784618,Reciprocal_top_hit
Zeng|1999,Macosko|Endo_Flt1_Ssu2_2,0.9853421684526028,0.9853421684526028,Reciprocal_top_hit
Zeng|3292,Macosko|Endo_Flt1_Ssu2_3,0.9986477061815904,0.9986477061815904,Reciprocal_top_hit
Zeng|2094,Macosko|Ependymal_Tmem212_1700012P22Rik,0.9993609152357572,0.9993609152357572,Reciprocal_top_hit
Zeng|2110,Macosko|Ependymal_Tmem212_Cuzd1,0.9870466817729214,0.9870466817729214,Reciprocal_top_hit
Zeng|765,Macosko|Ependymal_Tmem212_Krt15,0.977150795628457,0.977150795628457,Reciprocal_top_hit
Zeng|995,Macosko|Ependymal_Tmem212_Lgi1,0.9942414222761876,0.9942414222761876,Reciprocal_top_hit
Zeng|14857,Macosko|Ependymal_Tmem212_Sbpl,0.975629881172292,0.975629881172292,Reciprocal_top_hit
Zeng|14989,Macosko|Ependymal_Tmem212_Tfr2,0.9997440000963982,0.9997440000963982,Reciprocal_top_hit
Zeng|4638,Macosko|Ependymal_Tmem212_Ttr,0.9998622449674176,0.9998622449674176,Reciprocal_top_hit
Zeng|291,Macosko|Ex_Abi3bp_Calcrl,0.9985799720487494,0.9985799720487494,Reciprocal_top_hit
Zeng|4388,Macosko|Ex_Abi3bp_Insyn2b,0.925432601940981,0.925432601940981,Reciprocal_top_hit
Zeng|296,Macosko|Ex_Abi3bp_Pnmt,0.9993025942041232,0.9993025942041232,Reciprocal_top_hit
Zeng|24637,Macosko|Ex_C1ql4_Calcr_3,0.8264535158604068,0.8264535158604068,Reciprocal_top_hit
Zeng|1243,Macosko|Ex_C1ql4_Drd1_3,0.6470102626284939,0.6470102626284939,Reciprocal_top_hit
Zeng|4752,Macosko|Ex_C1ql4_Drd1_4,0.9876477612176604,0.9876477612176604,Reciprocal_top_hit
Zeng|3868,Macosko|Ex_C1ql4_Drd1_7,0.9992082230347016,0.9992082230347016,Reciprocal_top_hit
Zeng|1673,Macosko|Ex_C1ql4_Foxd3_2,0.960118623695534,0.960118623695534,Reciprocal_top_hit
Zeng|4510,Macosko|Ex_C1ql4_Gucy2c,0.9935318810000332,0.9935318810000332,Reciprocal_top_hit
Zeng|3823,Macosko|Ex_C1ql4_Islr2_3,0.9935939169508052,0.9935939169508052,Reciprocal_top_hit
Zeng|4707,Macosko|Ex_C1ql4_Krt73_1,0.9919018954816898,0.9919018954816898,Reciprocal_top_hit
Zeng|4697,Macosko|Ex_C1ql4_Krt73,0.9906038018666924,0.9906038018666924,Reciprocal_top_hit
Zeng|1363,Macosko|Ex_C1ql4_Mdfic2_2,0.9830661111888868,0.9830661111888868,Reciprocal_top_hit
Zeng|24578,Macosko|Ex_C1ql4_Rgcc_2,0.9985863824557512,0.9985863824557512,Reciprocal_top_hit
Zeng|2510,Macosko|Ex_C1ql4_Serpina3g,0.9077874956296248,0.9077874956296248,Reciprocal_top_hit
Zeng|3815,Macosko|Ex_C1ql4_Teddm3_3,0.9988852702508136,0.9988852702508136,Reciprocal_top_hit
Zeng|1566,Macosko|Ex_C1ql4_Tekt2,0.9994190803608388,0.9994190803608388,Reciprocal_top_hit
Zeng|5263,Macosko|Ex_C1ql4_Trhr_8,0.9544660434677176,0.9544660434677176,Reciprocal_top_hit
Zeng|934,Macosko|Ex_Ccn2_Nmbr_3,0.9850827506120658,0.9850827506120658,Reciprocal_top_hit
Zeng|2305,Macosko|Ex_Ccn3_Fezf2_Ptprc_1,0.9886430363013514,0.9886430363013514,Reciprocal_top_hit
Zeng|473,Macosko|Ex_Ccn3_Fezf2_Ptprc_2,0.9942346896457688,0.9942346896457688,Reciprocal_top_hit
Zeng|116,Macosko|Ex_Ccn3_Fezf2_Ptprc_3,0.9933691851017532,0.9933691851017532,Reciprocal_top_hit
Zeng|2523,Macosko|Ex_Ccn3_Fezf2_Vgll3_1,0.9176955722288112,0.9176955722288112,Reciprocal_top_hit
Zeng|3458,Macosko|Ex_Ccn3_Slc30a3_Dcn_1,0.9561669245651512,0.9561669245651512,Reciprocal_top_hit
Zeng|2987,Macosko|Ex_Ccn3_Slc30a3_Grp,0.9905929486982358,0.9905929486982358,Reciprocal_top_hit
Zeng|432,Macosko|Ex_Crym_Cldn22,0.9722722007242358,0.9722722007242358,Reciprocal_top_hit
Zeng|648,Macosko|Ex_Crym_Csf2rb2,0.9874877001798738,0.9874877001798738,Reciprocal_top_hit
Zeng|1155,Macosko|Ex_Crym_Cxcl12,0.961260479958294,0.961260479958294,Reciprocal_top_hit
Zeng|4085,Macosko|Ex_Crym_Mndal_1,0.9956645213567936,0.9956645213567936,Reciprocal_top_hit
Zeng|2026,Macosko|Ex_Crym_Mndal_4,0.9645357844395136,0.9645357844395136,Reciprocal_top_hit
Zeng|63,Macosko|Ex_Crym_Nuak2,0.9302684883155588,0.9302684883155588,Reciprocal_top_hit
Zeng|2684,Macosko|Ex_Crym_Odad2_2,0.9239346618279408,0.9239346618279408,Reciprocal_top_hit
Zeng|4267,Macosko|Ex_Crym_Odad2_3,0.9496125273843452,0.9496125273843452,Reciprocal_top_hit
Zeng|1990,Macosko|Ex_Crym_Rgs5,0.9599932765110262,0.9599932765110262,Reciprocal_top_hit
Zeng|4868,Macosko|Ex_Dach2_Arhgap36_2,0.9836606599204694,0.9836606599204694,Reciprocal_top_hit
Zeng|4862,Macosko|Ex_Dach2_Arhgap36_3,0.9939237592789242,0.9939237592789242,Reciprocal_top_hit
Zeng|4482,Macosko|Ex_Defb1_Gsta2_2,0.9489829942576776,0.9489829942576776,Reciprocal_top_hit
Zeng|4708,Macosko|Ex_Defb1_Ldoc1_2,0.9780790392262688,0.9780790392262688,Reciprocal_top_hit
Zeng|4692,Macosko|Ex_Defb1_Wif1,0.9923719300506632,0.9923719300506632,Reciprocal_top_hit
Zeng|2203,Macosko|Ex_Dmrta2_Agtr1b_2,0.993634353274582,0.993634353274582,Reciprocal_top_hit
Zeng|2206,Macosko|Ex_Dmrta2_Arhgap36_2,0.8352295546182069,0.8352295546182069,Reciprocal_top_hit
Zeng|5150,Macosko|Ex_Dmrta2_Chrna6_5,0.9969635893009652,0.9969635893009652,Reciprocal_top_hit
Zeng|2830,Macosko|Ex_Dmrta2_Col6a6_3,0.9545638325019756,0.9545638325019756,Reciprocal_top_hit
Zeng|154,Macosko|Ex_Dmrta2_Greb1_2,0.9799636383876822,0.9799636383876822,Reciprocal_top_hit
Zeng|2108,Macosko|Ex_Dmrta2_Kcnmb1,0.9892202123605732,0.9892202123605732,Reciprocal_top_hit
Zeng|929,Macosko|Ex_Dmrta2_Lrrc31_Th,0.9212448890089554,0.9212448890089554,Reciprocal_top_hit
Zeng|1403,Macosko|Ex_Dsp_Atf3_1,0.9761407556700888,0.9761407556700888,Reciprocal_top_hit
Zeng|5212,Macosko|Ex_Dsp_Atf3_2,0.9962159549640645,0.9962159549640645,Reciprocal_top_hit
Zeng|26,Macosko|Ex_Dsp_Atf3_3,0.99140529238301,0.99140529238301,Reciprocal_top_hit
Zeng|4228,Macosko|Ex_Ebf2_6430628N08Rik_6,0.9998586265742334,0.9998586265742334,Reciprocal_top_hit
Zeng|1915,Macosko|Ex_Ebf2_Abcc9_1,0.9928030836986717,0.9928030836986717,Reciprocal_top_hit
Zeng|1115,Macosko|Ex_Ebf2_Abcc9_2,0.9717336223885256,0.9717336223885256,Reciprocal_top_hit
Zeng|4623,Macosko|Ex_Ebf2_Adgrd1_1,0.9974027691836228,0.9974027691836228,Reciprocal_top_hit
Zeng|1071,Macosko|Ex_Ebf2_Adgrd1_2,0.9985061575370096,0.9985061575370096,Reciprocal_top_hit
Zeng|3746,Macosko|Ex_Ebf2_Adgrd1_3,0.9977839010897378,0.9977839010897378,Reciprocal_top_hit
Zeng|1407,Macosko|Ex_Ebf2_C1ql2_2,0.9892530307081524,0.9892530307081524,Reciprocal_top_hit
Zeng|283,Macosko|Ex_Ebf2_C1qtnf7_1,0.9991143970799206,0.9991143970799206,Reciprocal_top_hit
Zeng|5339,Macosko|Ex_Ebf2_C1qtnf7_2,0.9978130844298162,0.9978130844298162,Reciprocal_top_hit
Zeng|5265,Macosko|Ex_Ebf2_Cox8b_1,0.7676350020379253,0.7676350020379253,Reciprocal_top_hit
Zeng|8172,Macosko|Ex_Ebf2_Cox8b_2,0.6565294840772238,0.6565294840772238,Reciprocal_top_hit
Zeng|4935,Macosko|Ex_Ebf2_Ddit4l_1,0.99113885177967,0.99113885177967,Reciprocal_top_hit
Zeng|3987,Macosko|Ex_Ebf2_Ddit4l_3,0.9975272572440153,0.9975272572440153,Reciprocal_top_hit
Zeng|2533,Macosko|Ex_Ebf2_Ddit4l_4,0.9983826677288404,0.9983826677288404,Reciprocal_top_hit
Zeng|3799,Macosko|Ex_Ebf2_Dmrt2,0.9949903710637744,0.9949903710637744,Reciprocal_top_hit
Zeng|4911,Macosko|Ex_Ebf2_Fam83f,0.904008126436578,0.904008126436578,Reciprocal_top_hit
Zeng|1662,Macosko|Ex_Ebf2_Fer1l6_1,0.9944689437385508,0.9944689437385508,Reciprocal_top_hit
Zeng|1829,Macosko|Ex_Ebf2_Fer1l6_3,0.9956623718322426,0.9956623718322426,Reciprocal_top_hit
Zeng|1023,Macosko|Ex_Ebf2_Fer1l6_5,0.9908423873276226,0.9908423873276226,Reciprocal_top_hit
Zeng|2353,Macosko|Ex_Ebf2_Fzd9_1,0.9799330622818618,0.9799330622818618,Reciprocal_top_hit
Zeng|1705,Macosko|Ex_Ebf2_Gask1b_2,0.8037902504895524,0.8037902504895524,Reciprocal_top_hit
Zeng|215,Macosko|Ex_Ebf2_Gask1b_3,0.9997523374781352,0.9997523374781352,Reciprocal_top_hit
Zeng|5118,Macosko|Ex_Ebf2_Glp1r_4,0.9797364962854976,0.9797364962854976,Reciprocal_top_hit
Zeng|4566,Macosko|Ex_Ebf2_Lpar1,0.9921096098955432,0.9921096098955432,Reciprocal_top_hit
Zeng|3796,Macosko|Ex_Ebf2_Mgp,0.9950949502800552,0.9950949502800552,Reciprocal_top_hit
Zeng|269,Macosko|Ex_Ebf2_Nat8f6_1,0.9992463261192408,0.9992463261192408,Reciprocal_top_hit
Zeng|1053,Macosko|Ex_Ebf2_Nat8f6_2,0.9968197190919388,0.9968197190919388,Reciprocal_top_hit
Zeng|2215,Macosko|Ex_Ebf2_Nek11_2,0.8084422261655303,0.8084422261655303,Reciprocal_top_hit
Zeng|4965,Macosko|Ex_Ebf2_Niban1_1,0.997614852251432,0.997614852251432,Reciprocal_top_hit
Zeng|2813,Macosko|Ex_Ebf2_Niban1_2,0.9988030075655152,0.9988030075655152,Reciprocal_top_hit
Zeng|1141,Macosko|Ex_Ebf2_Nmu_1,0.9688134709490532,0.9688134709490532,Reciprocal_top_hit
Zeng|3911,Macosko|Ex_Ebf2_Nmu_2,0.994426946252965,0.994426946252965,Reciprocal_top_hit
Zeng|1265,Macosko|Ex_Ebf2_Nmu_3,0.9883093903409336,0.9883093903409336,Reciprocal_top_hit
Zeng|4785,Macosko|Ex_Ebf2_Npff_2,0.8509315978402983,0.8509315978402983,Reciprocal_top_hit
Zeng|4236,Macosko|Ex_Ebf2_Olfr273_2,0.9998824693899968,0.9998824693899968,Reciprocal_top_hit
Zeng|2705,Macosko|Ex_Ebf2_Olfr275,0.9742240827192892,0.9742240827192892,Reciprocal_top_hit
Zeng|2801,Macosko|Ex_Ebf2_Pla2g5_10,0.8944388891939424,0.8944388891939424,Reciprocal_top_hit
Zeng|1193,Macosko|Ex_Ebf2_Pla2g5_4,0.8055292295620226,0.8055292295620226,Reciprocal_top_hit
Zeng|34153,Macosko|Ex_Ebf2_Prokr1_1,0.9714496152522822,0.9714496152522822,Reciprocal_top_hit
Zeng|4221,Macosko|Ex_Ebf2_Prokr1_3,0.997864105715281,0.997864105715281,Reciprocal_top_hit
Zeng|3914,Macosko|Ex_Ebf2_Sec1_2,0.7970029254939013,0.7970029254939013,Reciprocal_top_hit
Zeng|1142,Macosko|Ex_Ebf2_Tac2_1,0.9995931063915472,0.9995931063915472,Reciprocal_top_hit
Zeng|4238,Macosko|Ex_Ebf2_Tac2_2,0.9902492435809636,0.9902492435809636,Reciprocal_top_hit
Zeng|2458,Macosko|Ex_Ebf2_Tnfaip8_1,0.987691667961788,0.987691667961788,Reciprocal_top_hit
Zeng|1039,Macosko|Ex_Ebf2_Tnfaip8_2,0.988876620532684,0.988876620532684,Reciprocal_top_hit
Zeng|314,Macosko|Ex_Ebf2_Ucn3_1,0.9930665188267386,0.9930665188267386,Reciprocal_top_hit
Zeng|1665,Macosko|Ex_Ebf2_Unc5cl,0.9767764857924044,0.9767764857924044,Reciprocal_top_hit
Zeng|1702,Macosko|Ex_Ebf2_Vip,0.9754469136930716,0.9754469136930716,Reciprocal_top_hit
Zeng|2976,Macosko|Ex_Ebf3_Adam33_12,0.7171962825694989,0.7171962825694989,Reciprocal_top_hit
Zeng|24595,Macosko|Ex_Evx1_Cox4i2,0.7024801684182347,0.7024801684182347,Reciprocal_top_hit
Zeng|663,Macosko|Ex_Evx2_Chat,0.8870860552196632,0.8870860552196632,Reciprocal_top_hit
Zeng|4887,Macosko|Ex_Evx2_Clec9a,0.9615956677045728,0.9615956677045728,Reciprocal_top_hit
Zeng|4958,Macosko|Ex_Evx2_Krt19,0.9950400395437716,0.9950400395437716,Reciprocal_top_hit
Zeng|2743,Macosko|Ex_Evx2_Lmcd1_2,0.8925383070077145,0.8925383070077145,Reciprocal_top_hit
Zeng|1660,Macosko|Ex_Evx2_Ngfr,0.981730960784812,0.981730960784812,Reciprocal_top_hit
Zeng|3378,Macosko|Ex_Evx2_Pdyn,0.9909890683458334,0.9909890683458334,Reciprocal_top_hit
Zeng|4500,Macosko|Ex_Evx2_Prdm6_2,0.9858080773043252,0.9858080773043252,Reciprocal_top_hit
Zeng|3722,Macosko|Ex_Fam163a_Adad2,0.9990757119417496,0.9990757119417496,Reciprocal_top_hit
Zeng|3724,Macosko|Ex_Fam163a_Kcne4_2,0.9442501659978964,0.9442501659978964,Reciprocal_top_hit
Zeng|2526,Macosko|Ex_Fam163a_Npy2r,0.9959630894746058,0.9959630894746058,Reciprocal_top_hit
Zeng|2962,Macosko|Ex_Fam163a_Prdm6_2,0.9120811368877222,0.9120811368877222,Reciprocal_top_hit
Zeng|3674,Macosko|Ex_Fam163a_Prdm6_3,0.8319123108795013,0.8319123108795013,Reciprocal_top_hit
Zeng|3108,Macosko|Ex_Fbxl7_Hmga2,0.9602054309231406,0.9602054309231406,Reciprocal_top_hit
Zeng|770,Macosko|Ex_Fbxl7_Tmem72_2,0.9442186050672352,0.9442186050672352,Reciprocal_top_hit
Zeng|2254,Macosko|Ex_Fbxl7_Tmem72_3,0.9601446834182644,0.9601446834182644,Reciprocal_top_hit
Zeng|4475,Macosko|Ex_Fbxo40_Kcnk5_1,0.948717578302928,0.948717578302928,Reciprocal_top_hit
Zeng|14985,Macosko|Ex_Fev_Kif18b,0.9998829756735196,0.9998829756735196,Reciprocal_top_hit
Zeng|3183,Macosko|Ex_Fev_Sln,0.9917157340986524,0.9917157340986524,Reciprocal_top_hit
Zeng|318,Macosko|Ex_Fezf2_C1qtnf7,0.971942864957292,0.971942864957292,Reciprocal_top_hit
Zeng|91,Macosko|Ex_Fezf2_Cdc25c_3,0.9521100506650206,0.9521100506650206,Reciprocal_top_hit
Zeng|1077,Macosko|Ex_Fezf2_Cfap58_1,0.988964066215231,0.988964066215231,Reciprocal_top_hit
Zeng|394,Macosko|Ex_Fezf2_Chrna6,0.9939803855327044,0.9939803855327044,Reciprocal_top_hit
Zeng|1339,Macosko|Ex_Fezf2_Cnksr3_Areg,0.8389593808398054,0.8389593808398054,Reciprocal_top_hit
Zeng|66,Macosko|Ex_Fezf2_Col6a1_Gp139_Fos,0.9783599105703924,0.9783599105703924,Reciprocal_top_hit
Zeng|738,Macosko|Ex_Fezf2_Dlk1_A730049H05Rik,0.9724584024231636,0.9724584024231636,Reciprocal_top_hit
Zeng|126,Macosko|Ex_Fezf2_Dlk1_Meis2,0.9980143103790072,0.9980143103790072,Reciprocal_top_hit
Zeng|443,Macosko|Ex_Fezf2_Fibcd1_Fos_Sema3e,0.9897190759359484,0.9897190759359484,Reciprocal_top_hit
Zeng|372,Macosko|Ex_Fezf2_Fn1_Mctp2,0.9931040454581485,0.9931040454581485,Reciprocal_top_hit
Zeng|289,Macosko|Ex_Fezf2_Hc,0.9747164208181996,0.9747164208181996,Reciprocal_top_hit
Zeng|402,Macosko|Ex_Fezf2_Hmga2_Gfra2,0.9949673041328834,0.9949673041328834,Reciprocal_top_hit
Zeng|204,Macosko|Ex_Fezf2_Hmga2_Ttc6,0.996968150893565,0.996968150893565,Reciprocal_top_hit
Zeng|182,Macosko|Ex_Fezf2_Il22,0.9885910437923948,0.9885910437923948,Reciprocal_top_hit
Zeng|4628,Macosko|Ex_Fezf2_Lhx9_3,0.991732558526364,0.991732558526364,Reciprocal_top_hit
Zeng|121,Macosko|Ex_Fezf2_Lipm,0.989425787001016,0.989425787001016,Reciprocal_top_hit
Zeng|87,Macosko|Ex_Fezf2_Pvalb_Pirt,0.9718252761600402,0.9718252761600402,Reciprocal_top_hit
Zeng|5088,Macosko|Ex_Fezf2_Spaar,0.9898275094244914,0.9898275094244914,Reciprocal_top_hit
Zeng|41,Macosko|Ex_Fezf2_Tmem255b_1,0.9474130674276636,0.9474130674276636,Reciprocal_top_hit
Zeng|1129,Macosko|Ex_Fezf2_Tmem255b_2,0.9663319047403436,0.9663319047403436,Reciprocal_top_hit
Zeng|226,Macosko|Ex_Fibcd1_Psrc1_2,0.96956028773924,0.96956028773924,Reciprocal_top_hit
Zeng|918,Macosko|Ex_Fibcd1_Slc9a4_1,0.963605148432767,0.963605148432767,Reciprocal_top_hit
Zeng|4520,Macosko|Ex_Fibcd1_Slc9a4_2,0.9734699915313664,0.9734699915313664,Reciprocal_top_hit
Zeng|4365,Macosko|Ex_Fibcd1_Tacr3_1,0.963969179197938,0.963969179197938,Reciprocal_top_hit
Zeng|2317,Macosko|Ex_Fn1_Cfap58,0.9686551080290616,0.9686551080290616,Reciprocal_top_hit
Zeng|2382,Macosko|Ex_Foxb1_Arhgef38_2,0.9825620688882024,0.9825620688882024,Reciprocal_top_hit
Zeng|4926,Macosko|Ex_Foxb1_Arhgef38_5,0.9903151769642998,0.9903151769642998,Reciprocal_top_hit
Zeng|2462,Macosko|Ex_Foxb1_Ctxn3_1,0.9321505883759724,0.9321505883759724,Reciprocal_top_hit
Zeng|3669,Macosko|Ex_Foxb1_Ctxn3_3,0.9631250753630066,0.9631250753630066,Reciprocal_top_hit
Zeng|5075,Macosko|Ex_Foxb1_Plekhg6,0.966755873375162,0.966755873375162,Reciprocal_top_hit
Zeng|47,Macosko|Ex_Foxd3_Irx4_2,0.957376424228306,0.957376424228306,Reciprocal_top_hit
Zeng|1586,Macosko|Ex_Foxp2_C130074G19Rik_1,0.9648705604244624,0.9648705604244624,Reciprocal_top_hit
Zeng|610,Macosko|Ex_Foxp2_Esp24,0.9666801513613648,0.9666801513613648,Reciprocal_top_hit
Zeng|76,Macosko|Ex_Foxp2_Myzap,0.7570793381709953,0.7570793381709953,Reciprocal_top_hit
Zeng|3589,Macosko|Ex_Gabra6_Gabrd,0.9501177186394402,0.9501177186394402,Reciprocal_top_hit
Zeng|3758,Macosko|Ex_Gata3_Tgm6_2,0.9457677957309132,0.9457677957309132,Reciprocal_top_hit
Zeng|4407,Macosko|Ex_Gbx2_Adam18_2,0.9918316283078932,0.9918316283078932,Reciprocal_top_hit
Zeng|4305,Macosko|Ex_Gbx2_Wif1,0.9991542067640206,0.9991542067640206,Reciprocal_top_hit
Zeng|1035,Macosko|Ex_Hmx2_Abcc9_3,0.9511827122170824,0.9511827122170824,Reciprocal_top_hit
Zeng|1714,Macosko|Ex_Hmx2_Ppef1_4,0.9872986912916184,0.9872986912916184,Reciprocal_top_hit
Zeng|2613,Macosko|Ex_Hmx3_Npbwr1,0.9966043276264382,0.9966043276264382,Reciprocal_top_hit
Zeng|4144,Macosko|Ex_Hmx3_Sst,0.8918473359137661,0.8918473359137661,Reciprocal_top_hit
Zeng|4020,Macosko|Ex_Hoxb3_Ldlrap1_14,0.8000772977047345,0.8000772977047345,Reciprocal_top_hit
Zeng|2448,Macosko|Ex_Hoxb3_Ldlrap1_16,0.935353126137163,0.935353126137163,Reciprocal_top_hit
Zeng|3165,Macosko|Ex_Hoxb3_Ldlrap1_17,0.972451025377691,0.972451025377691,Reciprocal_top_hit
Zeng|4052,Macosko|Ex_Hoxb3_Ldlrap1_18,0.97778740330666,0.97778740330666,Reciprocal_top_hit
Zeng|4548,Macosko|Ex_Hoxb3_Ldlrap1_3,0.9730684455090134,0.9730684455090134,Reciprocal_top_hit
Zeng|3124,Macosko|Ex_Hoxb3_Ldlrap1_9,0.9746472406473032,0.9746472406473032,Reciprocal_top_hit
Zeng|24429,Macosko|Ex_Hoxb5_Epsti1_1,0.9952632463767148,0.9952632463767148,Reciprocal_top_hit
Zeng|4381,Macosko|Ex_Hoxb5_Klc3,0.9868198381994568,0.9868198381994568,Reciprocal_top_hit
Zeng|4655,Macosko|Ex_Hoxb5_Prdm16_2,0.9227263512121232,0.9227263512121232,Reciprocal_top_hit
Zeng|3701,Macosko|Ex_Hoxc4_Slc22a3,0.9908544597030328,0.9908544597030328,Reciprocal_top_hit
Zeng|3829,Macosko|Ex_Hoxc6_Dpp4,0.960836037940752,0.960836037940752,Reciprocal_top_hit
Zeng|141,Macosko|Ex_Hoxc6_Epsti1_2,0.9799609667947076,0.9799609667947076,Reciprocal_top_hit
Zeng|3816,Macosko|Ex_Hoxc6_Ppef1,0.9891818612293212,0.9891818612293212,Reciprocal_top_hit
Zeng|234,Macosko|Ex_Hoxc6_Rxfp2_2,0.9786309921955731,0.9786309921955731,Reciprocal_top_hit
Zeng|2693,Macosko|Ex_Iqcj_Ms4a15_1,0.9627350582102168,0.9627350582102168,Reciprocal_top_hit
Zeng|3595,Macosko|Ex_Iqcj_Ms4a15_2,0.9933412562286902,0.9933412562286902,Reciprocal_top_hit
Zeng|2262,Macosko|Ex_Iqcj_Ms4a15_4,0.934886767325248,0.934886767325248,Reciprocal_top_hit
Zeng|2717,Macosko|Ex_Iqcj_Ms4a15_6,0.9997494739147048,0.9997494739147048,Reciprocal_top_hit
Zeng|1935,Macosko|Ex_Iqcj_Ms4a15_8,0.9217846425453362,0.9217846425453362,Reciprocal_top_hit
Zeng|4061,Macosko|Ex_Irx1_Padi1_1,0.974733017131427,0.974733017131427,Reciprocal_top_hit
Zeng|1690,Macosko|Ex_Irx1_Padi1_3,0.9891240823040248,0.9891240823040248,Reciprocal_top_hit
Zeng|14884,Macosko|Ex_Irx2_Col2a1_3,0.84093487390642,0.84093487390642,Reciprocal_top_hit
Zeng|3524,Macosko|Ex_Irx2_Nppc_1,0.99399667726958,0.99399667726958,Reciprocal_top_hit
Zeng|2524,Macosko|Ex_Irx2_Nppc_3,0.9967169511215586,0.9967169511215586,Reciprocal_top_hit
Zeng|2933,Macosko|Ex_Irx2_Popdc3_1,0.9890752652141892,0.9890752652141892,Reciprocal_top_hit
Zeng|2913,Macosko|Ex_Irx2_Popdc3_2,0.9946158756080848,0.9946158756080848,Reciprocal_top_hit
Zeng|4825,Macosko|Ex_Irx2_Twist1_2,0.9537294257057723,0.9537294257057723,Reciprocal_top_hit
Zeng|2912,Macosko|Ex_Irx2_Twist1_7,0.9966750408801652,0.9966750408801652,Reciprocal_top_hit
Zeng|1478,Macosko|Ex_Lamc3_Fzd9_1,0.9518505234687022,0.9518505234687022,Reciprocal_top_hit
Zeng|4088,Macosko|Ex_Lamc3_Fzd9_2,0.9841262068152083,0.9841262068152083,Reciprocal_top_hit
Zeng|3331,Macosko|Ex_Lhx2_Frk,0.9831337592992732,0.9831337592992732,Reciprocal_top_hit
Zeng|4845,Macosko|Ex_Lhx2_Gng8_2,0.9586478033530396,0.9586478033530396,Reciprocal_top_hit
Zeng|2039,Macosko|Ex_Lhx2_Hgf_1,0.9865234900990788,0.9865234900990788,Reciprocal_top_hit
Zeng|4795,Macosko|Ex_Lhx2_Nek11_7,0.9995959446598228,0.9995959446598228,Reciprocal_top_hit
Zeng|4151,Macosko|Ex_Lhx2_Tlx1_1,0.9534233633906404,0.9534233633906404,Reciprocal_top_hit
Zeng|3473,Macosko|Ex_Lhx2_Tlx1_2,0.9920969829111356,0.9920969829111356,Reciprocal_top_hit
Zeng|2310,Macosko|Ex_Lhx3_Col5a2,0.9871497793461924,0.9871497793461924,Reciprocal_top_hit
Zeng|2499,Macosko|Ex_Lhx3_Il1f9,0.8523662556894233,0.8523662556894233,Reciprocal_top_hit
Zeng|5103,Macosko|Ex_Lhx3_Slc5a7_2,0.8141277960351292,0.8141277960351292,Reciprocal_top_hit
Zeng|3700,Macosko|Ex_Lhx3_Slc5a7_4,0.94870725662073,0.94870725662073,Reciprocal_top_hit
Zeng|3094,Macosko|Ex_Lhx3_Tlcd1_2,0.8831430360481395,0.8831430360481395,Reciprocal_top_hit
Zeng|4176,Macosko|Ex_Lhx9_A1bg_1,0.997614630860131,0.997614630860131,Reciprocal_top_hit
Zeng|24521,Macosko|Ex_Lhx9_Acp7,0.9830347260537956,0.9830347260537956,Reciprocal_top_hit
Zeng|2265,Macosko|Ex_Lhx9_Chrm1_1,0.950598529908852,0.950598529908852,Reciprocal_top_hit
Zeng|5013,Macosko|Ex_Lhx9_Frk_1,0.9890793732976352,0.9890793732976352,Reciprocal_top_hit
Zeng|4134,Macosko|Ex_Lhx9_Hsd17b14_1,0.7202131615155295,0.7202131615155295,Reciprocal_top_hit
Zeng|4542,Macosko|Ex_Lhx9_Mcoln2,0.9835357359839046,0.9835357359839046,Reciprocal_top_hit
Zeng|181,Macosko|Ex_Lhx9_Mstn_Vxn,0.9965671648781912,0.9965671648781912,Reciprocal_top_hit
Zeng|2606,Macosko|Ex_Lhx9_Nps_4,0.9838529908052602,0.9838529908052602,Reciprocal_top_hit
Zeng|2420,Macosko|Ex_Lhx9_Ppp1r1c,0.9616608358009836,0.9616608358009836,Reciprocal_top_hit
Zeng|1011,Macosko|Ex_Lhx9_Ripk4,0.973064057894056,0.973064057894056,Reciprocal_top_hit
Zeng|2655,Macosko|Ex_Lhx9_Slc38a11_2,0.9837092289232854,0.9837092289232854,Reciprocal_top_hit
Zeng|24575,Macosko|Ex_Lhx9_Tslp,0.9614383670061516,0.9614383670061516,Reciprocal_top_hit
Zeng|2908,Macosko|Ex_Lhx9_Tyrp1_1,0.9774404730544496,0.9774404730544496,Reciprocal_top_hit
Zeng|1713,Macosko|Ex_Lhx9_Wdr72,0.9533326797180331,0.9533326797180331,Reciprocal_top_hit
Zeng|24613,Macosko|Ex_Lmx1a_Cbln2_2,0.983031853697792,0.983031853697792,Reciprocal_top_hit
Zeng|2244,Macosko|Ex_Lmx1a_Crhbp_2,0.9984472759903068,0.9984472759903068,Reciprocal_top_hit
Zeng|2580,Macosko|Ex_Lmx1a_Csf2rb2_1,0.7960552838145069,0.7960552838145069,Reciprocal_top_hit
Zeng|2340,Macosko|Ex_Lmx1a_Csf2rb2_3,0.9468026785557616,0.9468026785557616,Reciprocal_top_hit
Zeng|926,Macosko|Ex_Lmx1a_Dkkl1,0.970889142642928,0.970889142642928,Reciprocal_top_hit
Zeng|2571,Macosko|Ex_Lmx1a_H2-Q10_2,0.997913710096171,0.997913710096171,Reciprocal_top_hit
Zeng|2798,Macosko|Ex_Lmx1a_Myf5,0.9966678387867643,0.9966678387867643,Reciprocal_top_hit
Zeng|2188,Macosko|Ex_Lmx1a_Pgr15l_2,0.7484946917169478,0.7484946917169478,Reciprocal_top_hit
Zeng|248,Macosko|Ex_Lmx1a_Samd3,0.9788978968547136,0.9788978968547136,Reciprocal_top_hit
Zeng|4117,Macosko|Ex_Lmx1a_Serpina9,0.976292045961817,0.976292045961817,Reciprocal_top_hit
Zeng|1210,Macosko|Ex_Lmx1a_Smd3,0.9308825853383856,0.9308825853383856,Reciprocal_top_hit
Zeng|4233,Macosko|Ex_Lmx1b_Arsj_2,0.9935456732623686,0.9935456732623686,Reciprocal_top_hit
Zeng|4508,Macosko|Ex_Lmx1b_Cd36_2,0.9216135708003876,0.9216135708003876,Reciprocal_top_hit
Zeng|2786,Macosko|Ex_Lmx1b_Dynap_4,0.8700080808393565,0.8700080808393565,Reciprocal_top_hit
Zeng|4250,Macosko|Ex_Lmx1b_Dynap_5,0.8332955111345837,0.8332955111345837,Reciprocal_top_hit
Zeng|24688,Macosko|Ex_Lmx1b_Dytn,0.8879479355409238,0.8879479355409238,Reciprocal_top_hit
Zeng|2274,Macosko|Ex_Lmx1b_Olfr25,0.7205501379351517,0.7205501379351517,Reciprocal_top_hit
Zeng|14990,Macosko|Ex_Lmx1b_Pi15,0.7406339115605921,0.7406339115605921,Reciprocal_top_hit
Zeng|3269,Macosko|Ex_Lmx1b_Scn5a_2,0.7283124875365343,0.7283124875365343,Reciprocal_top_hit
Zeng|787,Macosko|Ex_Lypd6b_Dipk1c_2,0.976253583410088,0.976253583410088,Reciprocal_top_hit
Zeng|1516,Macosko|Ex_Maff_Atf3_1,0.995988013829952,0.995988013829952,Reciprocal_top_hit
Zeng|5268,Macosko|Ex_Maff_Atf3_3,0.9991130543693816,0.9991130543693816,Reciprocal_top_hit
Zeng|4515,Macosko|Ex_Neurod6_Fam83b,0.975550138605066,0.975550138605066,Reciprocal_top_hit
Zeng|1563,Macosko|Ex_Neurod6_Pou4f3_1,0.9588651522575752,0.9588651522575752,Reciprocal_top_hit
Zeng|4993,Macosko|Ex_Neurod6_Pou4f3_3,0.9653774580015166,0.9653774580015166,Reciprocal_top_hit
Zeng|2826,Macosko|Ex_Nkx2-1_Nppb,0.7517312761217271,0.7517312761217271,Reciprocal_top_hit
Zeng|1882,Macosko|Ex_Nkx2-1_Otp_2,0.9991031646779124,0.9991031646779124,Reciprocal_top_hit
Zeng|547,Macosko|Ex_Nkx2-1_Pmch_1,0.9635798380346832,0.9635798380346832,Reciprocal_top_hit
Zeng|2153,Macosko|Ex_Nkx2-1_Pmch_2,0.9991432171139992,0.9991432171139992,Reciprocal_top_hit
Zeng|2440,Macosko|Ex_Nkx2-4_Calcr_5,0.9965765327719404,0.9965765327719404,Reciprocal_top_hit
Zeng|1028,Macosko|Ex_Nkx2-4_Calcr_7,0.994793406000254,0.994793406000254,Reciprocal_top_hit
Zeng|2318,Macosko|Ex_Nkx2-4_Cd44_1,0.9775403619796724,0.9775403619796724,Reciprocal_top_hit
Zeng|1684,Macosko|Ex_Nkx2-4_Cdkn1c_1,0.8060147791899174,0.8060147791899174,Reciprocal_top_hit
Zeng|1207,Macosko|Ex_Nkx2-4_Grpr_5,0.989441266623092,0.989441266623092,Reciprocal_top_hit
Zeng|2149,Macosko|Ex_Nkx6-1_Atp6v1c2,0.8677687417754358,0.8677687417754358,Reciprocal_top_hit
Zeng|4749,Macosko|Ex_Nkx6-1_Gucy2c_2,0.9944914599316532,0.9944914599316532,Reciprocal_top_hit
Zeng|1606,Macosko|Ex_Nkx6-1_Gucy2c_3,0.995122656262054,0.995122656262054,Reciprocal_top_hit
Zeng|2574,Macosko|Ex_Nkx6-1_Gucy2c_4,0.997186173998284,0.997186173998284,Reciprocal_top_hit
Zeng|2144,Macosko|Ex_Nkx6-1_Nccrp1_1,0.8287688550710485,0.8287688550710485,Reciprocal_top_hit
Zeng|51,Macosko|Ex_Nxph4_Kynu,0.9881712036791344,0.9881712036791344,Reciprocal_top_hit
Zeng|32,Macosko|Ex_Nxph4_Megf6,0.9947738115517056,0.9947738115517056,Reciprocal_top_hit
Zeng|1148,Macosko|Ex_Nxph4_Moxd1_Igfbp4,0.975086932856125,0.975086932856125,Reciprocal_top_hit
Zeng|2079,Macosko|Ex_Nxph4_Nmbr,0.8747196293421355,0.8747196293421355,Reciprocal_top_hit
Zeng|3880,Macosko|Ex_Nxph4_Olfr110_Cplx3,0.9323206200198104,0.9323206200198104,Reciprocal_top_hit
Zeng|4527,Macosko|Ex_Nxph4_Twist1_4,0.7118327156395645,0.7118327156395645,Reciprocal_top_hit
Zeng|100,Macosko|Ex_Onecut2_Hmx3_Trim6_1,0.9536235008367347,0.9536235008367347,Reciprocal_top_hit
Zeng|1554,Macosko|Ex_Onecut3_Mup6,0.8573831289249061,0.8573831289249061,Reciprocal_top_hit
Zeng|4904,Macosko|Ex_Oprk1_Col11a1,0.9641982659167588,0.9641982659167588,Reciprocal_top_hit
Zeng|1014,Macosko|Ex_Pax2_Erfl_4,0.9389987871181992,0.9389987871181992,Reciprocal_top_hit
Zeng|34372,Macosko|Ex_Pax5_Rgs13_1,0.683521751296975,0.683521751296975,Reciprocal_top_hit
Zeng|1569,Macosko|Ex_Pax6_Avpr1a_3,0.9990360606209122,0.9990360606209122,Reciprocal_top_hit
Zeng|1018,Macosko|Ex_Pax6_Pgr15l_1,0.998695453840685,0.998695453840685,Reciprocal_top_hit
Zeng|1250,Macosko|Ex_Pax6_Pgr15l_2,0.9949631443342686,0.9949631443342686,Reciprocal_top_hit
Zeng|2793,Macosko|Ex_Pax8_Rassf10,0.6409699516315259,0.6409699516315259,Reciprocal_top_hit
Zeng|3684,Macosko|Ex_Phox2_4930469K13Rik,0.990411866535354,0.990411866535354,Reciprocal_top_hit
Zeng|2716,Macosko|Ex_Phox2a_Nms,0.9966531280078754,0.9966531280078754,Reciprocal_top_hit
Zeng|2983,Macosko|Ex_Phox2a_Qrfpr,0.970274314565278,0.970274314565278,Reciprocal_top_hit
Zeng|3963,Macosko|Ex_Phox2b_Adora2a,0.9998926521764264,0.9998926521764264,Reciprocal_top_hit
Zeng|4220,Macosko|Ex_Phox2b_Bmp3_3,0.9966294252492116,0.9966294252492116,Reciprocal_top_hit
Zeng|3931,Macosko|Ex_Phox2b_Cd36,0.9721287043472464,0.9721287043472464,Reciprocal_top_hit
Zeng|2621,Macosko|Ex_Phox2b_Clca3a2,0.9996769118457464,0.9996769118457464,Reciprocal_top_hit
Zeng|3951,Macosko|Ex_Phox2b_Dbh_4,0.7555954297631821,0.7555954297631821,Reciprocal_top_hit
Zeng|3907,Macosko|Ex_Phox2b_Ddc,0.980401457862005,0.980401457862005,Reciprocal_top_hit
Zeng|2637,Macosko|Ex_Phox2b_Dkk2_2,0.9994417278287964,0.9994417278287964,Reciprocal_top_hit
Zeng|2181,Macosko|Ex_Phox2b_Dpy19l2,0.9939887947135796,0.9939887947135796,Reciprocal_top_hit
Zeng|3910,Macosko|Ex_Phox2b_Dsc3_1,0.9758828841171826,0.9758828841171826,Reciprocal_top_hit
Zeng|3919,Macosko|Ex_Phox2b_Esm1,0.997859657744909,0.997859657744909,Reciprocal_top_hit
Zeng|4019,Macosko|Ex_Phox2b_Frem2,0.983959531454398,0.983959531454398,Reciprocal_top_hit
Zeng|3793,Macosko|Ex_Phox2b_Ghrh_1,0.9697584422215528,0.9697584422215528,Reciprocal_top_hit
Zeng|3942,Macosko|Ex_Phox2b_Hhip_1,0.9985511706569536,0.9985511706569536,Reciprocal_top_hit
Zeng|822,Macosko|Ex_Phox2b_Igfbpl1_3,0.7719259718104289,0.7719259718104289,Reciprocal_top_hit
Zeng|4316,Macosko|Ex_Phox2b_Igfbpl1_5,0.9965096471983526,0.9965096471983526,Reciprocal_top_hit
Zeng|15032,Macosko|Ex_Phox2b_Npffr2_1,0.9819503073567918,0.9819503073567918,Reciprocal_top_hit
Zeng|3090,Macosko|Ex_Phox2b_Olfr560_1,0.9716868931865555,0.9716868931865555,Reciprocal_top_hit
Zeng|4055,Macosko|Ex_Phox2b_Olig3_6,0.7851548486013816,0.7851548486013816,Reciprocal_top_hit
Zeng|4325,Macosko|Ex_Phox2b_Olig3_7,0.8916472825601451,0.8916472825601451,Reciprocal_top_hit
Zeng|1114,Macosko|Ex_Phox2b_Pdyn_4,0.999843384128079,0.999843384128079,Reciprocal_top_hit
Zeng|3694,Macosko|Ex_Phox2b_Pdyn_6,0.982721436507836,0.982721436507836,Reciprocal_top_hit
Zeng|1629,Macosko|Ex_Phox2b_Sall1,0.9344019185546808,0.9344019185546808,Reciprocal_top_hit
Zeng|4227,Macosko|Ex_Phox2b_Sh2d6,0.9921510127971048,0.9921510127971048,Reciprocal_top_hit
Zeng|34139,Macosko|Ex_Phox2b_Shisa3,0.9931018251147692,0.9931018251147692,Reciprocal_top_hit
Zeng|3521,Macosko|Ex_Phox2b_Slc39a12_2,0.9855669477251088,0.9855669477251088,Reciprocal_top_hit
Zeng|4490,Macosko|Ex_Phox2b_Slc39a12_5,0.9845946548660732,0.9845946548660732,Reciprocal_top_hit
Zeng|4415,Macosko|Ex_Phox2b_Slitrk6,0.9862414820159742,0.9862414820159742,Reciprocal_top_hit
Zeng|3869,Macosko|Ex_Phox2b_Susd5_1,0.9874429728826224,0.9874429728826224,Reciprocal_top_hit
Zeng|1447,Macosko|Ex_Phox2b_Susd5_2,0.9474652539692408,0.9474652539692408,Reciprocal_top_hit
Zeng|3830,Macosko|Ex_Phox2b_Tmem100,0.9991726946952528,0.9991726946952528,Reciprocal_top_hit
Zeng|2273,Macosko|Ex_Pitx2_Lamp3_1,0.7782388452162393,0.7782388452162393,Reciprocal_top_hit
Zeng|3543,Macosko|Ex_Pitx2_Skor2,0.997066837138596,0.997066837138596,Reciprocal_top_hit
Zeng|1634,Macosko|Ex_Pitx2_Zbtb7c_5,0.9948212433332682,0.9948212433332682,Reciprocal_top_hit
Zeng|64,Macosko|Ex_Plcg2_Ret_1,0.9951536867181274,0.9951536867181274,Reciprocal_top_hit
Zeng|502,Macosko|Ex_Plekhg1_Epha1_Cd44_2,0.8968482129669426,0.8968482129669426,Reciprocal_top_hit
Zeng|2900,Macosko|Ex_Plekhg1_Fign_Ppp1r3a_2,0.8715075969338482,0.8715075969338482,Reciprocal_top_hit
Zeng|4821,Macosko|Ex_Plekhg1_Fign_Ppp1r3a_3,0.9508935863541896,0.9508935863541896,Reciprocal_top_hit
Zeng|515,Macosko|Ex_Plekhg1_Fign_Ppp1r3a_4,0.9925205755101988,0.9925205755101988,Reciprocal_top_hit
Zeng|5074,Macosko|Ex_Plekhg1_Fign_Ppp1r3a_5,0.9913367424375708,0.9913367424375708,Reciprocal_top_hit
Zeng|1570,Macosko|Ex_Plekhg1_Fign_Ppp1r3a_6,0.9922099234326376,0.9922099234326376,Reciprocal_top_hit
Zeng|1405,Macosko|Ex_Plekhg1_Fign_Tnc_2,0.8475766255401374,0.8475766255401374,Reciprocal_top_hit
Zeng|5035,Macosko|Ex_Plekhg1_Fign_Tnnt1_1,0.984001293428769,0.984001293428769,Reciprocal_top_hit
Zeng|3860,Macosko|Ex_Plekhg1_Pth2r_Dio2_1,0.9690622007180176,0.9690622007180176,Reciprocal_top_hit
Zeng|5070,Macosko|Ex_Plekhg1_Pth2r_Frem3_2,0.9811228373460934,0.9811228373460934,Reciprocal_top_hit
Zeng|2159,Macosko|Ex_Plekhg1_Pth2r_Frem3_4,0.780032850301767,0.780032850301767,Reciprocal_top_hit
Zeng|5032,Macosko|Ex_Plekhg1_Pth2r_Rxfp1_1,0.99154500653639,0.99154500653639,Reciprocal_top_hit
Zeng|175,Macosko|Ex_Plekhg1_Pth2r_Rxfp1_2,0.9817601634922052,0.9817601634922052,Reciprocal_top_hit
Zeng|4213,Macosko|Ex_Plekhg1_Pth2r_Slc17a8,0.9772879883561342,0.9772879883561342,Reciprocal_top_hit
Zeng|5073,Macosko|Ex_Plekhg1_Tspear_Abhd12b,0.982878785426432,0.982878785426432,Reciprocal_top_hit
Zeng|246,Macosko|Ex_Plekhg1_Tspear_C6_2,0.956417415034066,0.956417415034066,Reciprocal_top_hit
Zeng|5047,Macosko|Ex_Plekhg1_Tspear_C6_3,0.993994201172838,0.993994201172838,Reciprocal_top_hit
Zeng|2495,Macosko|Ex_Pou4f1_Cdh3_Lpar1,0.966251108297142,0.966251108297142,Reciprocal_top_hit
Zeng|4799,Macosko|Ex_Pou4f1_Fads2b_2,0.9986420888016276,0.9986420888016276,Reciprocal_top_hit
Zeng|3603,Macosko|Ex_Pou4f1_Fads2b_3,0.9847007720706524,0.9847007720706524,Reciprocal_top_hit
Zeng|2909,Macosko|Ex_Pou4f1_Gpr151_Col5a3,0.9391808806501876,0.9391808806501876,Reciprocal_top_hit
Zeng|384,Macosko|Ex_Pou4f1_Htr5b_10,0.9982104550995284,0.9982104550995284,Reciprocal_top_hit
Zeng|186,Macosko|Ex_Pou4f1_Htr5b_11,0.9960070556073434,0.9960070556073434,Reciprocal_top_hit
Zeng|193,Macosko|Ex_Pou4f1_Htr5b_13,0.9486623082732578,0.9486623082732578,Reciprocal_top_hit
Zeng|2145,Macosko|Ex_Pou4f1_Htr5b_1,0.9598462109623632,0.9598462109623632,Reciprocal_top_hit
Zeng|559,Macosko|Ex_Pou4f1_Htr5b_5,0.9964354408638189,0.9964354408638189,Reciprocal_top_hit
Zeng|4064,Macosko|Ex_Pou4f1_Htr5b_6,0.992517603442956,0.992517603442956,Reciprocal_top_hit
Zeng|922,Macosko|Ex_Pou4f1_Htr5b_7,0.995676646259686,0.995676646259686,Reciprocal_top_hit
Zeng|3163,Macosko|Ex_Pou4f1_Htr5b_8,0.997151670165447,0.997151670165447,Reciprocal_top_hit
Zeng|3813,Macosko|Ex_Pou4f1_Htr5b_9,0.9981453692460625,0.9981453692460625,Reciprocal_top_hit
Zeng|5012,Macosko|Ex_Pou4f1_Scml2,0.9025074054220482,0.9025074054220482,Reciprocal_top_hit
Zeng|2732,Macosko|Ex_Pou4f1_Tyrp1,0.933285722389245,0.933285722389245,Reciprocal_top_hit
Zeng|4894,Macosko|Ex_Pou4f2_Gdpd4,0.6932413701446247,0.6932413701446247,Reciprocal_top_hit
Zeng|4810,Macosko|Ex_Pou4f2_Hpse2_3,0.9979838474849833,0.9979838474849833,Reciprocal_top_hit
Zeng|3969,Macosko|Ex_Pou4f2_Olfr560_2,0.8435711117257453,0.8435711117257453,Reciprocal_top_hit
Zeng|4672,Macosko|Ex_Pou4f2_St14_1,0.9636979493965612,0.9636979493965612,Reciprocal_top_hit
Zeng|4526,Macosko|Ex_Pou4f3_Wfdc10_1,0.6688051836097475,0.6688051836097475,Reciprocal_top_hit
Zeng|4660,Macosko|Ex_Pou4f3_Xdh,0.7498156935105998,0.7498156935105998,Reciprocal_top_hit
Zeng|4871,Macosko|Ex_Prox1_Bhlhe23_1,0.8012780685968328,0.8012780685968328,Reciprocal_top_hit
Zeng|2404,Macosko|Ex_Prox1_Cmbl,0.9410933145381596,0.9410933145381596,Reciprocal_top_hit
Zeng|467,Macosko|Ex_Rorb_Cbln1_Abca8a,0.994777672096525,0.994777672096525,Reciprocal_top_hit
Zeng|321,Macosko|Ex_Rorb_Hc_Sox6,0.6340571467536117,0.6340571467536117,Reciprocal_top_hit
Zeng|3584,Macosko|Ex_Rorb_Lcp1,0.9860376369144496,0.9860376369144496,Reciprocal_top_hit
Zeng|96,Macosko|Ex_Rorb_Pirt_Fn1,0.966940608947452,0.966940608947452,Reciprocal_top_hit
Zeng|34197,Macosko|Ex_Sall1_Apela,0.7428315023746788,0.7428315023746788,Reciprocal_top_hit
Zeng|3476,Macosko|Ex_Sall1_Pmfbp1_2,0.984262949388234,0.984262949388234,Reciprocal_top_hit
Zeng|2372,Macosko|Ex_Sall1_Pmfbp1_3,0.9977161130883136,0.9977161130883136,Reciprocal_top_hit
Zeng|2759,Macosko|Ex_Samd3_Chrna2,0.9969702796308616,0.9969702796308616,Reciprocal_top_hit
Zeng|943,Macosko|Ex_Samd3_Emx2_1,0.9840902164299428,0.9840902164299428,Reciprocal_top_hit
Zeng|49,Macosko|Ex_Samd3_Emx2_3,0.9951602036416548,0.9951602036416548,Reciprocal_top_hit
Zeng|2034,Macosko|Ex_Samd3_Emx2_5,0.995770981473756,0.995770981473756,Reciprocal_top_hit
Zeng|1726,Macosko|Ex_Samd3_Emx2_7,0.9843497224203204,0.9843497224203204,Reciprocal_top_hit
Zeng|2465,Macosko|Ex_Sim1_Abcc9_3,0.9999294321500344,0.9999294321500344,Reciprocal_top_hit
Zeng|14881,Macosko|Ex_Sim1_Adgb_2,0.8866890366226959,0.8866890366226959,Reciprocal_top_hit
Zeng|2062,Macosko|Ex_Sim1_Bsx_2,0.995031393235372,0.995031393235372,Reciprocal_top_hit
Zeng|1987,Macosko|Ex_Sim1_Dnah8_Oxt,0.895478243250579,0.895478243250579,Reciprocal_top_hit
Zeng|2170,Macosko|Ex_Sim1_Nkx2-2_Asb4_5,0.9984395876952256,0.9984395876952256,Reciprocal_top_hit
Zeng|4024,Macosko|Ex_Sim1_Trh_1,0.9979834544205012,0.9979834544205012,Reciprocal_top_hit
Zeng|1377,Macosko|Ex_Sim1_Trh_3,0.9996942098636548,0.9996942098636548,Reciprocal_top_hit
Zeng|486,Macosko|Ex_Sim1_Trh_7,0.9971564667452342,0.9971564667452342,Reciprocal_top_hit
Zeng|2479,Macosko|Ex_Sim1_Ucn3_2,0.9915580921747555,0.9915580921747555,Reciprocal_top_hit
Zeng|1124,Macosko|Ex_Sim1_Ucn3_3,0.962940858921414,0.962940858921414,Reciprocal_top_hit
Zeng|166,Macosko|Ex_Skor1_Calr4,0.9951820669818316,0.9951820669818316,Reciprocal_top_hit
Zeng|790,Macosko|Ex_Skor1_Emx2_2,0.984268504844986,0.984268504844986,Reciprocal_top_hit
Zeng|110,Macosko|Ex_Skor1_Frem1_1,0.9886325772207832,0.9886325772207832,Reciprocal_top_hit
Zeng|168,Macosko|Ex_Skor1_Frem1_2,0.9915572217261726,0.9915572217261726,Reciprocal_top_hit
Zeng|3867,Macosko|Ex_Skor1_Il31ra_2,0.9940814970124382,0.9940814970124382,Reciprocal_top_hit
Zeng|1160,Macosko|Ex_Skor1_Kdr_3,0.9958681560153172,0.9958681560153172,Reciprocal_top_hit
Zeng|4412,Macosko|Ex_Skor1_Pon2_3,0.9484102421447308,0.9484102421447308,Reciprocal_top_hit
Zeng|2754,Macosko|Ex_Skor1_Samd3_1,0.9760105622548462,0.9760105622548462,Reciprocal_top_hit
Zeng|2752,Macosko|Ex_Slc12a7_Krt19,0.9608108893268902,0.9608108893268902,Reciprocal_top_hit
Zeng|439,Macosko|Ex_Slc12a7_Sp110,0.9793781210163072,0.9793781210163072,Reciprocal_top_hit
Zeng|3288,Macosko|Ex_Slc30a3_Best3_2,0.9915872791788196,0.9915872791788196,Reciprocal_top_hit
Zeng|209,Macosko|Ex_Slc30a3_Best3_4,0.868857571422669,0.868857571422669,Reciprocal_top_hit
Zeng|306,Macosko|Ex_Slc30a3_Cfap58,0.9357109218112172,0.9357109218112172,Reciprocal_top_hit
Zeng|480,Macosko|Ex_Slc30a3_Crlf1_2,0.9661129232268412,0.9661129232268412,Reciprocal_top_hit
Zeng|220,Macosko|Ex_Slc30a3_Ebf1_Scn5a,0.9930596472741894,0.9930596472741894,Reciprocal_top_hit
Zeng|309,Macosko|Ex_Slc30a3_Gsta2_2,0.6950345971173837,0.6950345971173837,Reciprocal_top_hit
Zeng|1008,Macosko|Ex_Slc30a3_Gsta2_3,0.9674609641086316,0.9674609641086316,Reciprocal_top_hit
Zeng|265,Macosko|Ex_Slc30a3_Klhl14_Ndnf,0.9971986685434338,0.9971986685434338,Reciprocal_top_hit
Zeng|5121,Macosko|Ex_Slc30a3_Klhl14,0.9986955110040984,0.9986955110040984,Reciprocal_top_hit
Zeng|1145,Macosko|Ex_Slc30a3_Lrmp_Il1rl2_Slc17a6,0.9932881784576232,0.9932881784576232,Reciprocal_top_hit
Zeng|5081,Macosko|Ex_Slc30a3_Lrmp_Il1rl2,0.9012735928565836,0.9012735928565836,Reciprocal_top_hit
Zeng|255,Macosko|Ex_Slc30a3_Sec14l3,0.9535535475914392,0.9535535475914392,Reciprocal_top_hit
Zeng|4766,Macosko|Ex_Slc30a3_Shisa8_3,0.9833411664075892,0.9833411664075892,Reciprocal_top_hit
Zeng|272,Macosko|Ex_Slc30a3_Ssmem1_1,0.992039522681586,0.992039522681586,Reciprocal_top_hit
Zeng|379,Macosko|Ex_Slc30a3_Ssmem1_2,0.9976017288097696,0.9976017288097696,Reciprocal_top_hit
Zeng|333,Macosko|Ex_Slc30a3_Teddm3_1,0.9150789040785337,0.9150789040785337,Reciprocal_top_hit
Zeng|884,Macosko|Ex_Slc30a3_Teddm3_5,0.9907546471736808,0.9907546471736808,Reciprocal_top_hit
Zeng|14925,Macosko|Ex_Sln_A730046J19Rik,0.8608349276079132,0.8608349276079132,Reciprocal_top_hit
Zeng|4488,Macosko|Ex_Sln_Niban1,0.9960981850553614,0.9960981850553614,Reciprocal_top_hit
Zeng|5156,Macosko|Ex_Sln_Sost_1,0.9979162913407584,0.9979162913407584,Reciprocal_top_hit
Zeng|2751,Macosko|Ex_Sln_Sost_2,0.994356907837363,0.994356907837363,Reciprocal_top_hit
Zeng|3110,Macosko|Ex_Sox14_Sp8_2,0.9278881359279374,0.9278881359279374,Reciprocal_top_hit
Zeng|4650,Macosko|Ex_Sox6_Cartpt_3,0.8723026883985774,0.8723026883985774,Reciprocal_top_hit
Zeng|4908,Macosko|Ex_Sox6_Edn1_1,0.9366142577913692,0.9366142577913692,Reciprocal_top_hit
Zeng|2373,Macosko|Ex_Sox6_Irx6_1,0.6764661152557453,0.6764661152557453,Reciprocal_top_hit
Zeng|4876,Macosko|Ex_Sox6_Ttc29_2,0.9201551846381542,0.9201551846381542,Reciprocal_top_hit
Zeng|1609,Macosko|Ex_Tcf24_Serpina12_2,0.9735883071519416,0.9735883071519416,Reciprocal_top_hit
Zeng|24658,Macosko|Ex_Tcf24_Serpina12_3,0.9565581444415584,0.9565581444415584,Reciprocal_top_hit
Zeng|1007,Macosko|Ex_Tcf7l2_Ccdc80,0.9743529377564152,0.9743529377564152,Reciprocal_top_hit
Zeng|5099,Macosko|Ex_Tcf7l2_Fbln1_Tead4_1,0.8837449957370107,0.8837449957370107,Reciprocal_top_hit
Zeng|2787,Macosko|Ex_Tcf7l2_Lhx2_Ros1_2,0.99493374218085,0.99493374218085,Reciprocal_top_hit
Zeng|913,Macosko|Ex_Tfap2b_Calcr,0.989263773128944,0.989263773128944,Reciprocal_top_hit
Zeng|2778,Macosko|Ex_Tfap2b_Ccdc172_Calcr,0.994244883499339,0.994244883499339,Reciprocal_top_hit
Zeng|4938,Macosko|Ex_Tfap2b_Dnah11,0.9905961268753491,0.9905961268753491,Reciprocal_top_hit
Zeng|3144,Macosko|Ex_Tfap2b_Ramp3_6,0.984826035401459,0.984826035401459,Reciprocal_top_hit
Zeng|4879,Macosko|Ex_Tfap2b_Rxfp2_3,0.978930853247276,0.978930853247276,Reciprocal_top_hit
Zeng|3396,Macosko|Ex_Tfap2b_Saa1,0.988488193053424,0.988488193053424,Reciprocal_top_hit
Zeng|2008,Macosko|Ex_Tfap2b_Sult3a2_2,0.9825031653046804,0.9825031653046804,Reciprocal_top_hit
Zeng|4878,Macosko|Ex_Tfap2b_Sult3a2_3,0.9465504435738124,0.9465504435738124,Reciprocal_top_hit
Zeng|3265,Macosko|Ex_Tfap2b_Trim63,0.991567415154396,0.991567415154396,Reciprocal_top_hit
Zeng|4565,Macosko|Ex_Tfap2d_A730009L09Rik,0.9926366507125148,0.9926366507125148,Reciprocal_top_hit
Zeng|4567,Macosko|Ex_Tfap2d_Atp6ap1l_4,0.9891768893003556,0.9891768893003556,Reciprocal_top_hit
Zeng|5079,Macosko|Ex_Tfap2d_Casq2,0.9712926014186916,0.9712926014186916,Reciprocal_top_hit
Zeng|4579,Macosko|Ex_Tfap2d_Crhr2_2,0.6516178000963515,0.6516178000963515,Reciprocal_top_hit
Zeng|4489,Macosko|Ex_Tfap2d_Crhr2_3,0.9958463071693548,0.9958463071693548,Reciprocal_top_hit
Zeng|2868,Macosko|Ex_Tfap2d_Ctsc,0.9721232611930292,0.9721232611930292,Reciprocal_top_hit
Zeng|4586,Macosko|Ex_Tfap2d_Gask1b_1,0.9836010828140812,0.9836010828140812,Reciprocal_top_hit
Zeng|944,Macosko|Ex_Tfap2d_Gask1b_3,0.9930231455610432,0.9930231455610432,Reciprocal_top_hit
Zeng|3234,Macosko|Ex_Tfap2d_Npnt_6,0.9587793170634308,0.9587793170634308,Reciprocal_top_hit
Zeng|4569,Macosko|Ex_Tfap2d_Npr1_2,0.9962408598975102,0.9962408598975102,Reciprocal_top_hit
Zeng|4995,Macosko|Ex_Tfap2d_Snorc_3,0.7058479480822782,0.7058479480822782,Reciprocal_top_hit
Zeng|201,Macosko|Ex_Vsx2_Cdc42ep5,0.9781487210406752,0.9781487210406752,Reciprocal_top_hit
Zeng|3096,Macosko|Ex_Vsx2_Drd3_2,0.9445221193407144,0.9445221193407144,Reciprocal_top_hit
Zeng|2564,Macosko|Ex_Vsx2_Lhx3_3,0.9941965574102972,0.9941965574102972,Reciprocal_top_hit
Zeng|1123,Macosko|Ex_Vsx2_Nps_2,0.9723965300480608,0.9723965300480608,Reciprocal_top_hit
Zeng|2634,Macosko|Ex_Vsx2_Pgm5_7,0.9914114308458272,0.9914114308458272,Reciprocal_top_hit
Zeng|3083,Macosko|Ex_Vsx2_Pgr15l,0.9292641035540956,0.9292641035540956,Reciprocal_top_hit
Zeng|4625,Macosko|Ex_Vsx2_Tecta_2,0.9438397918801256,0.9438397918801256,Reciprocal_top_hit
Zeng|4078,Macosko|Ex_Vsx2_Tecta_3,0.7309587049146975,0.7309587049146975,Reciprocal_top_hit
Zeng|3033,Macosko|Ex_Vsx2_Tnnt1_3,0.999381654113441,0.999381654113441,Reciprocal_top_hit
Zeng|24574,Macosko|Ex_Vsx2_Txnrd3,0.963657861182291,0.963657861182291,Reciprocal_top_hit
Zeng|3786,Macosko|Ex_Vsx2_Wnt2,0.8774064360145375,0.8774064360145375,Reciprocal_top_hit
Zeng|54,Macosko|Ex_Vwc2l_Gli2,0.8681604606111075,0.8681604606111075,Reciprocal_top_hit
Zeng|4647,Macosko|Ex_Zic1_Mybpc1,0.9878558694465795,0.9878558694465795,Reciprocal_top_hit
Zeng|1223,Macosko|Fibro_Eya2_Ccdc192_3,0.9642906922188323,0.9642906922188323,Reciprocal_top_hit
Zeng|1321,Macosko|Fibro_Eya2_Ccl11,0.9941408191352876,0.9941408191352876,Reciprocal_top_hit
Zeng|4187,Macosko|Fibro_Eya2_Dapl1,0.995745324731814,0.995745324731814,Reciprocal_top_hit
Zeng|1868,Macosko|Fibro_Eya2_Inmt,0.9868353866436717,0.9868353866436717,Reciprocal_top_hit
Zeng|335,Macosko|Fibro_Eya2_Lypd2_2,0.9976864869695928,0.9976864869695928,Reciprocal_top_hit
Zeng|108,Macosko|Fibro_Eya2_Lypd2_3,0.9879953700644604,0.9879953700644604,Reciprocal_top_hit
Zeng|363,Macosko|Fibro_Eya2_Meox2,0.993594127893696,0.993594127893696,Reciprocal_top_hit
Zeng|726,Macosko|Fibro_Eya2_Obp1a,0.9772120786516854,0.9772120786516854,Reciprocal_top_hit
Zeng|3726,Macosko|Fibro_Eya2_Ptgs2,0.9026952057542076,0.9026952057542076,Reciprocal_top_hit
Zeng|5266,Macosko|Fibro_Eya2_Rbp4_1,0.9956376892430262,0.9956376892430262,Reciprocal_top_hit
Zeng|737,Macosko|Fibro_Eya2_Rbp4_2,0.984834515020004,0.984834515020004,Reciprocal_top_hit
Zeng|4150,Macosko|Fibro_Eya2_Rbp4_3,0.938979253463169,0.938979253463169,Reciprocal_top_hit
Zeng|960,Macosko|Fibro_Eya2_Rbp4_4,0.9978433498880316,0.9978433498880316,Reciprocal_top_hit
Zeng|2978,Macosko|Fibro_Eya2_Slc47a1_1,0.9633050408757632,0.9633050408757632,Reciprocal_top_hit
Zeng|4984,Macosko|Fibro_Eya2_Slc47a1_3,0.9937003726257176,0.9937003726257176,Reciprocal_top_hit
Zeng|4310,Macosko|Fibro_Eya2_Slc47a1_4,0.9983626986651538,0.9983626986651538,Reciprocal_top_hit
Zeng|5257,Macosko|Fibro_Eya2_Slc47a1_5,0.9971538440138858,0.9971538440138858,Reciprocal_top_hit
Zeng|760,Macosko|Fibro_Eya2_Srpx2,0.961017872043609,0.961017872043609,Reciprocal_top_hit
Zeng|2418,Macosko|Fibro_Eya2_Syt9_2,0.9950966014118546,0.9950966014118546,Reciprocal_top_hit
Zeng|2502,Macosko|Fibro_Eya2_Unc5c_2,0.9948372410723686,0.9948372410723686,Reciprocal_top_hit
Zeng|3212,Macosko|Fibro_Vdr_Bglap,0.9997541786937044,0.9997541786937044,Reciprocal_top_hit
Zeng|504,Macosko|Fibro_Vdr_Mmp13_1,0.990387452941628,0.990387452941628,Reciprocal_top_hit
Zeng|1368,Macosko|Fibro_Vdr_Mmp13_w,0.9986438039222448,0.9986438039222448,Reciprocal_top_hit
Zeng|940,Macosko|Inh_Clic4_Ano3_2,0.7271078663606365,0.7271078663606365,Reciprocal_top_hit
Zeng|1964,Macosko|Inh_Cobll1_Heg1,0.9506282507193788,0.9506282507193788,Reciprocal_top_hit
Zeng|5033,Macosko|Inh_Dmbx1_Gpx6,0.9946488089673624,0.9946488089673624,Reciprocal_top_hit
Zeng|3583,Macosko|Inh_Dmbx1_Mab21l3_1,0.9969325766500532,0.9969325766500532,Reciprocal_top_hit
Zeng|3693,Macosko|Inh_Dmbx1_Mab21l3_2,0.9776978299479652,0.9776978299479652,Reciprocal_top_hit
Zeng|4464,Macosko|Inh_Dmbx1_Slc34a2_2,0.8131820030348348,0.8131820030348348,Reciprocal_top_hit
Zeng|2060,Macosko|Inh_Dmbx1_Wnt7b_2,0.9988484710833532,0.9988484710833532,Reciprocal_top_hit
Zeng|210,Macosko|Inh_Dmbx1_Wnt7b,0.9836137268877616,0.9836137268877616,Reciprocal_top_hit
Zeng|34233,Macosko|Inh_Dmrt3_Mecom_2,0.8489494299130588,0.8489494299130588,Reciprocal_top_hit
Zeng|34140,Macosko|Inh_Dmrt3_Prdm6_1,0.9978687655981684,0.9978687655981684,Reciprocal_top_hit
Zeng|3998,Macosko|Inh_Ebf2_Cox8b_1,0.9986930119931144,0.9986930119931144,Reciprocal_top_hit
Zeng|2975,Macosko|Inh_Ebf2_Stc1_1,0.958070266183913,0.958070266183913,Reciprocal_top_hit
Zeng|877,Macosko|Inh_Ecel1_Asb4_3,0.9912237268601688,0.9912237268601688,Reciprocal_top_hit
Zeng|2696,Macosko|Inh_Emx2_Foxa2_4,0.974320989223002,0.974320989223002,Reciprocal_top_hit
Zeng|3520,Macosko|Inh_Emx2_Irx4,0.9826707855973852,0.9826707855973852,Reciprocal_top_hit
Zeng|982,Macosko|Inh_Emx2_Pirt_1,0.969610354809535,0.969610354809535,Reciprocal_top_hit
Zeng|4849,Macosko|Inh_Fbxl7_Adad2_3,0.9285401110549688,0.9285401110549688,Reciprocal_top_hit
Zeng|2355,Macosko|Inh_Fbxl7_C7,0.7734160623988682,0.7734160623988682,Reciprocal_top_hit
Zeng|1001,Macosko|Inh_Fbxl7_Cyp26b1_3,0.995075614106098,0.995075614106098,Reciprocal_top_hit
Zeng|4121,Macosko|Inh_Fbxl7_Tnc,0.9139490160535002,0.9139490160535002,Reciprocal_top_hit
Zeng|2703,Macosko|Inh_Foxa2_Upp1_2,0.8688221497304096,0.8688221497304096,Reciprocal_top_hit
Zeng|4391,Macosko|Inh_Foxp2_Pdlim3_2,0.8771613862637446,0.8771613862637446,Reciprocal_top_hit
Zeng|1459,Macosko|Inh_Foxp2_Sox2_1,0.9521816915358672,0.9521816915358672,Reciprocal_top_hit
Zeng|4727,Macosko|Inh_Frm7_4930523C07Rik,0.9891279838614428,0.9891279838614428,Reciprocal_top_hit
Zeng|1998,Macosko|Inh_Frm7_Atp1b4,0.976593521191306,0.976593521191306,Reciprocal_top_hit
Zeng|2930,Macosko|Inh_Frm7_Otop1_1,0.9976706885800002,0.9976706885800002,Reciprocal_top_hit
Zeng|1525,Macosko|Inh_Frm7_Otop1_2,0.9912885667486524,0.9912885667486524,Reciprocal_top_hit
Zeng|286,Macosko|Inh_Frm7_Otop1_3,0.9976351567877656,0.9976351567877656,Reciprocal_top_hit
Zeng|3021,Macosko|Inh_Frmd7_Ano2_1,0.9979225609087972,0.9979225609087972,Reciprocal_top_hit
Zeng|2319,Macosko|Inh_Frmd7_Crhbp_1,0.9962391135494888,0.9962391135494888,Reciprocal_top_hit
Zeng|1174,Macosko|Inh_Frmd7_Crhbp_2,0.9945596707121548,0.9945596707121548,Reciprocal_top_hit
Zeng|1309,Macosko|Inh_Frmd7_Crhbp_4,0.995657887034216,0.995657887034216,Reciprocal_top_hit
Zeng|128,Macosko|Inh_Frmd7_Drd2,0.9992303524314238,0.9992303524314238,Reciprocal_top_hit
Zeng|1349,Macosko|Inh_Frmd7_Emp2_1,0.9985238859508048,0.9985238859508048,Reciprocal_top_hit
Zeng|3380,Macosko|Inh_Frmd7_Ltbp2_2,0.996227935036355,0.996227935036355,Reciprocal_top_hit
Zeng|4023,Macosko|Inh_Frmd7_Mgam,0.933646177072626,0.933646177072626,Reciprocal_top_hit
Zeng|92,Macosko|Inh_Frmd7_Olfr142_10,0.99385421072527,0.99385421072527,Reciprocal_top_hit
Zeng|212,Macosko|Inh_Frmd7_Olfr142_1,0.9319103633025928,0.9319103633025928,Reciprocal_top_hit
Zeng|2803,Macosko|Inh_Frmd7_Olfr142_5,0.9587240048083778,0.9587240048083778,Reciprocal_top_hit
Zeng|1398,Macosko|Inh_Frmd7_Slc17a8,0.9988260176210344,0.9988260176210344,Reciprocal_top_hit
Zeng|4730,Macosko|Inh_Frmd7_Slc26a7_1,0.9392594681998184,0.9392594681998184,Reciprocal_top_hit
Zeng|138,Macosko|Inh_Frmd7_Slc26a7_2,0.9863847971738172,0.9863847971738172,Reciprocal_top_hit
Zeng|2632,Macosko|Inh_Frmd7_Stk33_3,0.6918304031816815,0.6918304031816815,Reciprocal_top_hit
Zeng|1379,Macosko|Inh_Frmd7_Trhr_2,0.8466447692429696,0.8466447692429696,Reciprocal_top_hit
Zeng|5068,Macosko|Inh_Frmd7_Trhr_3,0.9972510957766056,0.9972510957766056,Reciprocal_top_hit
Zeng|1311,Macosko|Inh_Frmd7_Trhr_6,0.6901870183516414,0.6901870183516414,Reciprocal_top_hit
Zeng|4953,Macosko|Inh_Fzd6_Kcnk5,0.985637891724599,0.985637891724599,Reciprocal_top_hit
Zeng|3215,Macosko|Inh_Gata3_Areg_2,0.992939774941068,0.992939774941068,Reciprocal_top_hit
Zeng|8798,Macosko|Inh_Gata3_Cd200r1_1,0.9977160560536588,0.9977160560536588,Reciprocal_top_hit
Zeng|1697,Macosko|Inh_Gata3_Cd200r1_2,0.982814839802206,0.982814839802206,Reciprocal_top_hit
Zeng|5067,Macosko|Inh_Gata3_Cd200r1_3,0.9998874128112966,0.9998874128112966,Reciprocal_top_hit
Zeng|745,Macosko|Inh_Gata3_Crhbp_3,0.9921446364686936,0.9921446364686936,Reciprocal_top_hit
Zeng|1364,Macosko|Inh_Gata3_Cryba2_1,0.9980804482309454,0.9980804482309454,Reciprocal_top_hit
Zeng|8799,Macosko|Inh_Gata3_Crybb1,0.998962350344605,0.998962350344605,Reciprocal_top_hit
Zeng|252,Macosko|Inh_Gata3_Frk_3,0.9697979427608864,0.9697979427608864,Reciprocal_top_hit
Zeng|2198,Macosko|Inh_Gata3_Gm11639_2,0.9670815482850312,0.9670815482850312,Reciprocal_top_hit
Zeng|4361,Macosko|Inh_Gata3_Gsc2_4,0.9353506266693868,0.9353506266693868,Reciprocal_top_hit
Zeng|1111,Macosko|Inh_Gata3_Gxylt2_2,0.987924926531424,0.987924926531424,Reciprocal_top_hit
Zeng|728,Macosko|Inh_Gata3_Il23r,0.9962312619228214,0.9962312619228214,Reciprocal_top_hit
Zeng|935,Macosko|Inh_Gata3_Lrrc38,0.9917106225923566,0.9917106225923566,Reciprocal_top_hit
Zeng|3840,Macosko|Inh_Gata3_Lum,0.994731543277722,0.994731543277722,Reciprocal_top_hit
Zeng|946,Macosko|Inh_Gata3_Mmrn1_1,0.9874387648676816,0.9874387648676816,Reciprocal_top_hit
Zeng|71,Macosko|Inh_Gata3_Mmrn1,0.9945833312355452,0.9945833312355452,Reciprocal_top_hit
Zeng|754,Macosko|Inh_Gata3_Npy2r_3,0.8929707027491985,0.8929707027491985,Reciprocal_top_hit
Zeng|3174,Macosko|Inh_Gata3_Olfr48_2,0.9937805125629992,0.9937805125629992,Reciprocal_top_hit
Zeng|3372,Macosko|Inh_Gata3_Olfr48_5,0.9311320482863746,0.9311320482863746,Reciprocal_top_hit
Zeng|5062,Macosko|Inh_Gata3_Otx1_Pdlim3_2,0.9973326376544251,0.9973326376544251,Reciprocal_top_hit
Zeng|1519,Macosko|Inh_Gata3_Otx1_Pdlim3_3,0.9956331909718916,0.9956331909718916,Reciprocal_top_hit
Zeng|4737,Macosko|Inh_Gata3_Pdlim3_4,0.99824551412052,0.99824551412052,Reciprocal_top_hit
Zeng|3587,Macosko|Inh_Gata3_Ppm1j,0.99892280328448,0.99892280328448,Reciprocal_top_hit
Zeng|3385,Macosko|Inh_Gata3_Rln3_1,0.9853899065739862,0.9853899065739862,Reciprocal_top_hit
Zeng|1392,Macosko|Inh_Gata3_Sall1_1,0.9633628276133664,0.9633628276133664,Reciprocal_top_hit
Zeng|3248,Macosko|Inh_Gata3_Sall1_3,0.933360315500244,0.933360315500244,Reciprocal_top_hit
Zeng|34187,Macosko|Inh_Gata3_Sall1_6,0.9959216223149576,0.9959216223149576,Reciprocal_top_hit
Zeng|4444,Macosko|Inh_Gata3_Sall1_8,0.9972135805642904,0.9972135805642904,Reciprocal_top_hit
Zeng|2119,Macosko|Inh_Gata3_Tcim,0.9039320926082908,0.9039320926082908,Reciprocal_top_hit
Zeng|24717,Macosko|Inh_Gata3_Tnni3_1,0.9954797667536702,0.9954797667536702,Reciprocal_top_hit
Zeng|3347,Macosko|Inh_Gata3_Tnni3_2,0.9667142126210172,0.9667142126210172,Reciprocal_top_hit
Zeng|712,Macosko|Inh_Gata3_Tnni3_4,0.9743467319130128,0.9743467319130128,Reciprocal_top_hit
Zeng|5044,Macosko|Inh_Gata3_Tnnt1_3,0.92845974353363,0.92845974353363,Reciprocal_top_hit
Zeng|3403,Macosko|Inh_Gata3_Trh,0.866559332952956,0.866559332952956,Reciprocal_top_hit
Zeng|3336,Macosko|Inh_Gbx1_Atp8b1_10,0.9498435407258446,0.9498435407258446,Reciprocal_top_hit
Zeng|778,Macosko|Inh_Gbx1_Atp8b1_4,0.9802052958049988,0.9802052958049988,Reciprocal_top_hit
Zeng|1588,Macosko|Inh_Gbx1_Atp8b1_6,0.9866249314288578,0.9866249314288578,Reciprocal_top_hit
Zeng|2721,Macosko|Inh_Gbx1_Atp8b1_8,0.9295298491676922,0.9295298491676922,Reciprocal_top_hit
Zeng|1579,Macosko|Inh_Gbx1_Atp8b1_9,0.9493617338954292,0.9493617338954292,Reciprocal_top_hit
Zeng|817,Macosko|Inh_Gbx1_Htr1a_2,0.9174290210842736,0.9174290210842736,Reciprocal_top_hit
Zeng|4265,Macosko|Inh_Gbx2_Chrna5_4,0.9788320745987472,0.9788320745987472,Reciprocal_top_hit
Zeng|3146,Macosko|Inh_Hoxb5_Tal1_3,0.8651039005569381,0.8651039005569381,Reciprocal_top_hit
Zeng|838,Macosko|Inh_Hoxc4_Abcc9_1,0.990639053746534,0.990639053746534,Reciprocal_top_hit
Zeng|236,Macosko|Inh_Hoxc4_Chrdl2_3,0.9926452119398312,0.9926452119398312,Reciprocal_top_hit
Zeng|1287,Macosko|Inh_Hoxc4_Chrdl2_7,0.709875602587194,0.709875602587194,Reciprocal_top_hit
Zeng|1,Macosko|Inh_Hoxc4_F5_1,0.9700708420072178,0.9700708420072178,Reciprocal_top_hit
Zeng|1047,Macosko|Inh_Hoxc4_F5_2,0.981244069210194,0.981244069210194,Reciprocal_top_hit
Zeng|21,Macosko|Inh_Hoxc4_Fbln2_2,0.99024608453404,0.99024608453404,Reciprocal_top_hit
Zeng|3607,Macosko|Inh_Htr3a_Bmp3_1,0.9915128304209618,0.9915128304209618,Reciprocal_top_hit
Zeng|4102,Macosko|Inh_Htr3a_Bmp3_2,0.99433533169997,0.99433533169997,Reciprocal_top_hit
Zeng|5344,Macosko|Inh_Htr3a_Bmp3_4,0.998019950900006,0.998019950900006,Reciprocal_top_hit
Zeng|1227,Macosko|Inh_Htr3a_Bmp3_5,0.995010575910665,0.995010575910665,Reciprocal_top_hit
Zeng|718,Macosko|Inh_Htr3a_Col5a2,0.9962107248762412,0.9962107248762412,Reciprocal_top_hit
Zeng|1766,Macosko|Inh_Htr3a_Ibsp_1,0.9982301710888564,0.9982301710888564,Reciprocal_top_hit
Zeng|690,Macosko|Inh_Htr3a_Ibsp_2,0.9709115313268462,0.9709115313268462,Reciprocal_top_hit
Zeng|686,Macosko|Inh_Htr3a_Nxph3,0.9988182774443416,0.9988182774443416,Reciprocal_top_hit
Zeng|1344,Macosko|Inh_Htr3a_Pdzph1_2,0.9787565699676344,0.9787565699676344,Reciprocal_top_hit
Zeng|1281,Macosko|Inh_Htr3a_Pdzph1_4,0.9996838815539756,0.9996838815539756,Reciprocal_top_hit
Zeng|720,Macosko|Inh_Htr3a_Prok2,0.9926206885763702,0.9926206885763702,Reciprocal_top_hit
Zeng|5082,Macosko|Inh_Htr3a_Prom1_2,0.988797793159947,0.988797793159947,Reciprocal_top_hit
Zeng|3350,Macosko|Inh_Irx4_Catspere1_1,0.9674429594229372,0.9674429594229372,Reciprocal_top_hit
Zeng|3342,Macosko|Inh_Irx4_Catspere1_3,0.9958627624297652,0.9958627624297652,Reciprocal_top_hit
Zeng|2680,Macosko|Inh_Irx4_Wif1,0.9363551157083266,0.9363551157083266,Reciprocal_top_hit
Zeng|4374,Macosko|Inh_Irx5_Tafa4_4,0.9594465678397278,0.9594465678397278,Reciprocal_top_hit
Zeng|3550,Macosko|Inh_Isl1_Drd1_Folh1_1,0.9962781070973376,0.9962781070973376,Reciprocal_top_hit
Zeng|863,Macosko|Inh_Lamp5_Ndnf_Prom1,0.9828295667338682,0.9828295667338682,Reciprocal_top_hit
Zeng|4091,Macosko|Inh_Lhx1_Egflam_5,0.9305991222152866,0.9305991222152866,Reciprocal_top_hit
Zeng|3418,Macosko|Inh_Lhx1_Pax3_1,0.9938324673177902,0.9938324673177902,Reciprocal_top_hit
Zeng|733,Macosko|Inh_Lhx1_Wnt5a_2,0.9766896090031124,0.9766896090031124,Reciprocal_top_hit
Zeng|82,Macosko|Inh_Lhx6_Car8_4,0.92436069489413,0.92436069489413,Reciprocal_top_hit
Zeng|815,Macosko|Inh_Lhx6_Car8_5,0.9827597585935226,0.9827597585935226,Reciprocal_top_hit
Zeng|2049,Macosko|Inh_Lhx6_Car8_6,0.9803116601356366,0.9803116601356366,Reciprocal_top_hit
Zeng|748,Macosko|Inh_Lhx6_Cox6a2_Nxph2_1,0.9835451634746112,0.9835451634746112,Reciprocal_top_hit
Zeng|3485,Macosko|Inh_Lhx6_Cox6a2_Postn,0.9986798377335212,0.9986798377335212,Reciprocal_top_hit
Zeng|579,Macosko|Inh_Lhx6_Crhbp_1,0.9971668535215874,0.9971668535215874,Reciprocal_top_hit
Zeng|3022,Macosko|Inh_Lhx6_Cxcr4_1,0.9951598904326844,0.9951598904326844,Reciprocal_top_hit
Zeng|1664,Macosko|Inh_Lhx6_Cxcr4_2,0.8938082058026489,0.8938082058026489,Reciprocal_top_hit
Zeng|1425,Macosko|Inh_Lhx6_Cxcr4_3,0.996099345886838,0.996099345886838,Reciprocal_top_hit
Zeng|5129,Macosko|Inh_Lhx6_Cxcr4_5,0.9930295077501602,0.9930295077501602,Reciprocal_top_hit
Zeng|1033,Macosko|Inh_Lhx6_Cxcr4_7,0.8721897430288982,0.8721897430288982,Reciprocal_top_hit
Zeng|1096,Macosko|Inh_Lhx6_Cyp26a1,0.662447385437387,0.662447385437387,Reciprocal_top_hit
Zeng|1242,Macosko|Inh_Lhx6_Esr2_12,0.96612961240899,0.96612961240899,Reciprocal_top_hit
Zeng|514,Macosko|Inh_Lhx6_Esr2_13,0.9997819132013208,0.9997819132013208,Reciprocal_top_hit
Zeng|5052,Macosko|Inh_Lhx6_Esr2_14,0.9949675659540052,0.9949675659540052,Reciprocal_top_hit
Zeng|897,Macosko|Inh_Lhx6_Esr2_15,0.9943723571777852,0.9943723571777852,Reciprocal_top_hit
Zeng|65,Macosko|Inh_Lhx6_Esr2_9,0.9836074304568236,0.9836074304568236,Reciprocal_top_hit
Zeng|757,Macosko|Inh_Lhx6_Gm8113_Pthlh,0.9800416738051512,0.9800416738051512,Reciprocal_top_hit
Zeng|77,Macosko|Inh_Lhx6_Gpr174_2,0.990569539955516,0.990569539955516,Reciprocal_top_hit
Zeng|2707,Macosko|Inh_Lhx6_Iqca_5,0.9545575209782444,0.9545575209782444,Reciprocal_top_hit
Zeng|869,Macosko|Inh_Lhx6_Kcnmb1_1,0.9897336626324322,0.9897336626324322,Reciprocal_top_hit
Zeng|2821,Macosko|Inh_Lhx6_Kcnmb1_2,0.9854512834279208,0.9854512834279208,Reciprocal_top_hit
Zeng|1163,Macosko|Inh_Lhx6_Kcnmb1_3,0.9922764927061156,0.9922764927061156,Reciprocal_top_hit
Zeng|1858,Macosko|Inh_Lhx6_Lamp5_Hcrtr2,0.9858011365134924,0.9858011365134924,Reciprocal_top_hit
Zeng|1898,Macosko|Inh_Lhx6_Myo1h_1,0.9196991840994052,0.9196991840994052,Reciprocal_top_hit
Zeng|795,Macosko|Inh_Lhx6_Nmu_2,0.9955963706912576,0.9955963706912576,Reciprocal_top_hit
Zeng|3176,Macosko|Inh_Lhx6_Pthlh,0.993551884298836,0.993551884298836,Reciprocal_top_hit
Zeng|730,Macosko|Inh_Lhx6_Serpinb1b_2,0.992292960956132,0.992292960956132,Reciprocal_top_hit
Zeng|758,Macosko|Inh_Lhx6_Sfrp1_1,0.99083323476895,0.99083323476895,Reciprocal_top_hit
Zeng|34177,Macosko|Inh_Lhx6_Sfrp1_2,0.998950173686114,0.998950173686114,Reciprocal_top_hit
Zeng|1140,Macosko|Inh_Lhx6_Sfrp1_5,0.9995561766071024,0.9995561766071024,Reciprocal_top_hit
Zeng|523,Macosko|Inh_Lhx6_Spag17,0.9733195499864062,0.9733195499864062,Reciprocal_top_hit
Zeng|526,Macosko|Inh_Lhx6_Sst_A730009L09Rik_Kcnh8,0.9935625402313706,0.9935625402313706,Reciprocal_top_hit
Zeng|4772,Macosko|Inh_Lhx6_Sst_Ccna1_3,0.9883826375648148,0.9883826375648148,Reciprocal_top_hit
Zeng|2833,Macosko|Inh_Lhx6_Sst_Chodl_1,0.999692740610852,0.999692740610852,Reciprocal_top_hit
Zeng|389,Macosko|Inh_Lhx6_Sst_Chodl_2,0.9991124541547316,0.9991124541547316,Reciprocal_top_hit
Zeng|744,Macosko|Inh_Lhx6_Sst_Col6a5_5,0.9713619883416102,0.9713619883416102,Reciprocal_top_hit
Zeng|34226,Macosko|Inh_Lhx6_Sst_Col6a5_7,0.8922599849094625,0.8922599849094625,Reciprocal_top_hit
Zeng|1176,Macosko|Inh_Lhx6_Sst_Crh_Nnmt_1,0.9967457269938572,0.9967457269938572,Reciprocal_top_hit
Zeng|2,Macosko|Inh_Lhx6_Sst_Crh_Nnmt_4,0.9956013059319662,0.9956013059319662,Reciprocal_top_hit
Zeng|545,Macosko|Inh_Lhx6_Sst_Ctsc_2,0.990692814846384,0.990692814846384,Reciprocal_top_hit
Zeng|219,Macosko|Inh_Lhx6_Sst_Ctsc_3,0.982661480570716,0.982661480570716,Reciprocal_top_hit
Zeng|512,Macosko|Inh_Lhx6_Sst_Ffar4,0.9987555795657592,0.9987555795657592,Reciprocal_top_hit
Zeng|542,Macosko|Inh_Lhx6_Sst_Itgad,0.9897081392619748,0.9897081392619748,Reciprocal_top_hit
Zeng|5041,Macosko|Inh_Lhx6_Sst_Th_Ephb1,0.987630179711762,0.987630179711762,Reciprocal_top_hit
Zeng|4018,Macosko|Inh_Lhx6_Vmn1r209_2,0.956368376271101,0.956368376271101,Reciprocal_top_hit
Zeng|4352,Macosko|Inh_Lmo2_Chrna2_2,0.9781322593221492,0.9781322593221492,Reciprocal_top_hit
Zeng|1754,Macosko|Inh_Nkx2-1_Gm8113_3,0.883933361824228,0.883933361824228,Reciprocal_top_hit
Zeng|3217,Macosko|Inh_Nkx2-1_Serpinb2,0.9694906719683964,0.9694906719683964,Reciprocal_top_hit
Zeng|1581,Macosko|Inh_Nkx2-1_Sst_2,0.989285491812326,0.989285491812326,Reciprocal_top_hit
Zeng|3427,Macosko|Inh_Nkx2-2_Dact1,0.9921547911048908,0.9921547911048908,Reciprocal_top_hit
Zeng|1084,Macosko|Inh_Nkx2-2_Gata2_10,0.9712162341169616,0.9712162341169616,Reciprocal_top_hit
Zeng|1641,Macosko|Inh_Nkx2-2_Npy_2,0.9723035867935188,0.9723035867935188,Reciprocal_top_hit
Zeng|3419,Macosko|Inh_Nkx2-2_Tecrl_1,0.9866695681919798,0.9866695681919798,Reciprocal_top_hit
Zeng|34316,Macosko|Inh_Nkx6-1_Cox8b,0.9986467027532336,0.9986467027532336,Reciprocal_top_hit
Zeng|1486,Macosko|Inh_Nrk_Drd3,0.9981486476970916,0.9981486476970916,Reciprocal_top_hit
Zeng|4156,Macosko|Inh_Nrk_Gpr176_1,0.9981196013381466,0.9981196013381466,Reciprocal_top_hit
Zeng|2399,Macosko|Inh_Nrk_Gpr176_2,0.9979305063587808,0.9979305063587808,Reciprocal_top_hit
Zeng|9384,Macosko|Inh_Nrk_Kcnmb1_1,0.9989676750806274,0.9989676750806274,Reciprocal_top_hit
Zeng|1357,Macosko|Inh_Nrk_Kcnmb1_2,0.940279718602806,0.940279718602806,Reciprocal_top_hit
Zeng|2718,Macosko|Inh_Nrk_Kcnmb1_3,0.9544519215497989,0.9544519215497989,Reciprocal_top_hit
Zeng|2858,Macosko|Inh_Nrk_Kctd16,0.9987015170439756,0.9987015170439756,Reciprocal_top_hit
Zeng|4344,Macosko|Inh_Nrk_Tox2,0.9983855864445352,0.9983855864445352,Reciprocal_top_hit
Zeng|3834,Macosko|Inh_Onecut3_Ccdc192_3,0.9816869356826672,0.9816869356826672,Reciprocal_top_hit
Zeng|419,Macosko|Inh_Onecut3_Colq_3,0.7541282401753839,0.7541282401753839,Reciprocal_top_hit
Zeng|4864,Macosko|Inh_Onecut3_Crabp1_1,0.950137872539796,0.950137872539796,Reciprocal_top_hit
Zeng|3555,Macosko|Inh_Onecut3_Npb_1,0.9915729531247108,0.9915729531247108,Reciprocal_top_hit
Zeng|3245,Macosko|Inh_Onecut3_Piezo2_1,0.9803595616321118,0.9803595616321118,Reciprocal_top_hit
Zeng|1637,Macosko|Inh_Onecut3_Tcf24_3,0.989808018807704,0.989808018807704,Reciprocal_top_hit
Zeng|5155,Macosko|Inh_Otx1_Acacb_1,0.9938204913483842,0.9938204913483842,Reciprocal_top_hit
Zeng|4957,Macosko|Inh_Otx1_Acacb_2,0.9951991861707036,0.9951991861707036,Reciprocal_top_hit
Zeng|3161,Macosko|Inh_Otx1_Cd36_3,0.8749389202260714,0.8749389202260714,Reciprocal_top_hit
Zeng|3185,Macosko|Inh_Otx1_Coch_2,0.9865652387065664,0.9865652387065664,Reciprocal_top_hit
Zeng|4193,Macosko|Inh_Otx1_Dkk1,0.8447331569036021,0.8447331569036021,Reciprocal_top_hit
Zeng|1895,Macosko|Inh_Otx1_Sox14_3,0.9168715059355418,0.9168715059355418,Reciprocal_top_hit
Zeng|3562,Macosko|Inh_Otx1_Svs5_1,0.9901788625491011,0.9901788625491011,Reciprocal_top_hit
Zeng|511,Macosko|Inh_Otx1_Svs5_2,0.9772557393596784,0.9772557393596784,Reciprocal_top_hit
Zeng|14962,Macosko|Inh_Otx2_Gabrr2_1,0.9690775907716276,0.9690775907716276,Reciprocal_top_hit
Zeng|3136,Macosko|Inh_Otx2_Gsc2_1,0.745940483595159,0.745940483595159,Reciprocal_top_hit
Zeng|3608,Macosko|Inh_Otx2_Mbnl3,0.9813868394402108,0.9813868394402108,Reciprocal_top_hit
Zeng|2956,Macosko|Inh_Otx2_Pla2g5,0.9881901634805504,0.9881901634805504,Reciprocal_top_hit
Zeng|4031,Macosko|Inh_Otx2_Prdm16_5,0.7904761235252167,0.7904761235252167,Reciprocal_top_hit
Zeng|1420,Macosko|Inh_Otx2_Prdm16_7,0.7069978494688421,0.7069978494688421,Reciprocal_top_hit
Zeng|4972,Macosko|Inh_Otx2_Scgn,0.9246541485807114,0.9246541485807114,Reciprocal_top_hit
Zeng|3202,Macosko|Inh_Otx2_Tnni3_2,0.9952832954203644,0.9952832954203644,Reciprocal_top_hit
Zeng|4626,Macosko|Inh_Pax2_6430628N08Rik_5,0.9998641839513676,0.9998641839513676,Reciprocal_top_hit
Zeng|2957,Macosko|Inh_Pax2_A730046J19Rik_2,0.9830677941066024,0.9830677941066024,Reciprocal_top_hit
Zeng|898,Macosko|Inh_Pax2_Antxr2_2,0.9847222247433104,0.9847222247433104,Reciprocal_top_hit
Zeng|1908,Macosko|Inh_Pax2_Brs3,0.7610567377462089,0.7610567377462089,Reciprocal_top_hit
Zeng|311,Macosko|Inh_Pax2_Cd40,0.9843845382045509,0.9843845382045509,Reciprocal_top_hit
Zeng|824,Macosko|Inh_Pax2_Cd44_3,0.9466074602746172,0.9466074602746172,Reciprocal_top_hit
Zeng|4146,Macosko|Inh_Pax2_Chrdl2_1,0.7586013839403113,0.7586013839403113,Reciprocal_top_hit
Zeng|4462,Macosko|Inh_Pax2_Col5a2_1,0.8995465598518079,0.8995465598518079,Reciprocal_top_hit
Zeng|4141,Macosko|Inh_Pax2_Col5a2_2,0.9988238978086856,0.9988238978086856,Reciprocal_top_hit
Zeng|4854,Macosko|Inh_Pax2_Dcn,0.9745049380409252,0.9745049380409252,Reciprocal_top_hit
Zeng|1765,Macosko|Inh_Pax2_Dmrt3_2,0.93524094193318,0.93524094193318,Reciprocal_top_hit
Zeng|2958,Macosko|Inh_Pax2_Erfl_11,0.9873892031948024,0.9873892031948024,Reciprocal_top_hit
Zeng|520,Macosko|Inh_Pax2_Erfl_15,0.976896236649045,0.976896236649045,Reciprocal_top_hit
Zeng|1653,Macosko|Inh_Pax2_Gli2_2,0.9905337781788016,0.9905337781788016,Reciprocal_top_hit
Zeng|4460,Macosko|Inh_Pax2_Glp1r_2,0.9918814691111936,0.9918814691111936,Reciprocal_top_hit
Zeng|4888,Macosko|Inh_Pax2_Has2_1,0.9732923268841,0.9732923268841,Reciprocal_top_hit
Zeng|4448,Macosko|Inh_Pax2_Has2_2,0.9834894057340176,0.9834894057340176,Reciprocal_top_hit
Zeng|1849,Macosko|Inh_Pax2_Has2_3,0.9606170686885784,0.9606170686885784,Reciprocal_top_hit
Zeng|871,Macosko|Inh_Pax2_Hoxb5_Lrrc52_2,0.956285049128719,0.956285049128719,Reciprocal_top_hit
Zeng|24730,Macosko|Inh_Pax2_Hoxb5_Sycp2l_2,0.99087481223306,0.99087481223306,Reciprocal_top_hit
Zeng|506,Macosko|Inh_Pax2_Hrob_6,0.9838950788152594,0.9838950788152594,Reciprocal_top_hit
Zeng|4346,Macosko|Inh_Pax2_Kirrel2_1,0.9902754825891518,0.9902754825891518,Reciprocal_top_hit
Zeng|4685,Macosko|Inh_Pax2_Kirrel2_2,0.932683776694744,0.932683776694744,Reciprocal_top_hit
Zeng|2469,Macosko|Inh_Pax2_Krt17_2,0.9955253342903672,0.9955253342903672,Reciprocal_top_hit
Zeng|4021,Macosko|Inh_Pax2_Lama4_3,0.997264350397803,0.997264350397803,Reciprocal_top_hit
Zeng|3981,Macosko|Inh_Pax2_Mgarp_Tcim,0.998294408233644,0.998294408233644,Reciprocal_top_hit
Zeng|1717,Macosko|Inh_Pax2_Mmp2,0.9593920408539732,0.9593920408539732,Reciprocal_top_hit
Zeng|4028,Macosko|Inh_Pax2_Nkx6-1_Bmp4,0.9956565346825816,0.9956565346825816,Reciprocal_top_hit
Zeng|4989,Macosko|Inh_Pax2_Nkx6-1_Npy2r_2,0.7738303376053599,0.7738303376053599,Reciprocal_top_hit
Zeng|3102,Macosko|Inh_Pax2_Olfr372_1,0.9931644678632024,0.9931644678632024,Reciprocal_top_hit
Zeng|746,Macosko|Inh_Pax2_Olfr372_2,0.9743865211474264,0.9743865211474264,Reciprocal_top_hit
Zeng|3362,Macosko|Inh_Pax2_Olfr920_1,0.9960590725268708,0.9960590725268708,Reciprocal_top_hit
Zeng|4206,Macosko|Inh_Pax2_Olfr920_3,0.9248901442422864,0.9248901442422864,Reciprocal_top_hit
Zeng|3132,Macosko|Inh_Pax2_Pkhd1l1_7,0.995867858339913,0.995867858339913,Reciprocal_top_hit
Zeng|700,Macosko|Inh_Pax2_Ppp1r1c_1,0.8739472109430468,0.8739472109430468,Reciprocal_top_hit
Zeng|4425,Macosko|Inh_Pax2_Robo3,0.7353669649855485,0.7353669649855485,Reciprocal_top_hit
Zeng|4467,Macosko|Inh_Pax2_Smpdl3b_3,0.9602168735283312,0.9602168735283312,Reciprocal_top_hit
Zeng|24747,Macosko|Inh_Pax2_Tarm1_2,0.9926170906035042,0.9926170906035042,Reciprocal_top_hit
Zeng|5018,Macosko|Inh_Pax2_Tmem215_1,0.9727229967431748,0.9727229967431748,Reciprocal_top_hit
Zeng|4714,Macosko|Inh_Pax2_Tnfaip8l3_4,0.9942835892746664,0.9942835892746664,Reciprocal_top_hit
Zeng|2659,Macosko|Inh_Pax3_Chrna5_2,0.971268839766298,0.971268839766298,Reciprocal_top_hit
Zeng|3411,Macosko|Inh_Pax3_Galnt15,0.99714278864149275,0.99714278864149275,Reciprocal_top_hit
Zeng|2915,Macosko|Inh_Pax3_Vmn1r207_10,0.9978141315892204,0.9978141315892204,Reciprocal_top_hit
Zeng|1585,Macosko|Inh_Pax3_Vmn1r207_11,0.9965739141523172,0.9965739141523172,Reciprocal_top_hit
Zeng|2929,Macosko|Inh_Pax3_Vmn1r207_12,0.96708866260220006,0.96708866260220006,Reciprocal_top_hit
Zeng|59,Macosko|Inh_Pax3_Vmn1r207_1,0.9812463087483874,0.9812463087483874,Reciprocal_top_hit
Zeng|2237,Macosko|Inh_Pax3_Vmn1r207_2,0.98810335565361,0.98810335565361,Reciprocal_top_hit
Zeng|2989,Macosko|Inh_Pax3_Vmn1r207_3,0.9586566937726442,0.9586566937726442,Reciprocal_top_hit
Zeng|4787,Macosko|Inh_Pax3_Vmn1r207_4,0.998153620154036,0.998153620154036,Reciprocal_top_hit
Zeng|3732,Macosko|Inh_Pax3_Vmn1r207_6,0.9878060986449918,0.9878060986449918,Reciprocal_top_hit
Zeng|4743,Macosko|Inh_Pax3_Vmn1r207_7,0.9985622025800256,0.9985622025800256,Reciprocal_top_hit
Zeng|882,Macosko|Inh_Pax5_Asb4_5,0.96511163829834,0.96511163829834,Reciprocal_top_hit
Zeng|531,Macosko|Inh_Pax5_Clic5_1,0.9165922605902632,0.9165922605902632,Reciprocal_top_hit
Zeng|3863,Macosko|Inh_Pax5_Erfl_3,0.9982618459616244,0.9982618459616244,Reciprocal_top_hit
Zeng|3545,Macosko|Inh_Pax5_Il20ra,0.9738786947391588,0.9738786947391588,Reciprocal_top_hit
Zeng|3454,Macosko|Inh_Pax5_Irs4_2,0.978825832206515,0.978825832206515,Reciprocal_top_hit
Zeng|1800,Macosko|Inh_Pax5_Krt25_1,0.9950107852862422,0.9950107852862422,Reciprocal_top_hit
Zeng|1816,Macosko|Inh_Pax5_Krt25_2,0.984988000911024,0.984988000911024,Reciprocal_top_hit
Zeng|2922,Macosko|Inh_Pax5_Meox2,0.9921437527310544,0.9921437527310544,Reciprocal_top_hit
Zeng|3394,Macosko|Inh_Pax5_Olfr48,0.9786765486677472,0.9786765486677472,Reciprocal_top_hit
Zeng|3921,Macosko|Inh_Pax5_Olig3_1,0.9940148422249931,0.9940148422249931,Reciprocal_top_hit
Zeng|15057,Macosko|Inh_Pax5_Padi1_1,0.9986415317466584,0.9986415317466584,Reciprocal_top_hit
Zeng|24557,Macosko|Inh_Pax5_Padi1_2,0.9996518634774888,0.9996518634774888,Reciprocal_top_hit
Zeng|4092,Macosko|Inh_Pax5_Vmn1r196,0.930425874321356,0.930425874321356,Reciprocal_top_hit
Zeng|1785,Macosko|Inh_Pax6_Eya4_3,0.9950467362325416,0.9950467362325416,Reciprocal_top_hit
Zeng|3586,Macosko|Inh_Pax6_Pdgfd_1,0.98523107839262,0.98523107839262,Reciprocal_top_hit
Zeng|1097,Macosko|Inh_Pax6_Pdgfd_4,0.9845475404495424,0.9845475404495424,Reciprocal_top_hit
Zeng|3512,Macosko|Inh_Pax6_Pou6f2_Pdgfd_5,0.9867348674527534,0.9867348674527534,Reciprocal_top_hit
Zeng|2048,Macosko|Inh_Pax7_Chrna2,0.9951033672376752,0.9951033672376752,Reciprocal_top_hit
Zeng|2484,Macosko|Inh_Pax7_Egflam_3,0.7184175126594495,0.7184175126594495,Reciprocal_top_hit
Zeng|2541,Macosko|Inh_Pax7_Nhlh1,0.998464646869228,0.998464646869228,Reciprocal_top_hit
Zeng|2947,Macosko|Inh_Pax7_P2ry10b_3,0.9991490358801688,0.9991490358801688,Reciprocal_top_hit
Zeng|3004,Macosko|Inh_Pax7_P2ry10b_5,0.9635424749964224,0.9635424749964224,Reciprocal_top_hit
Zeng|2172,Macosko|Inh_Pax7_Pawr,0.992254771646802,0.992254771646802,Reciprocal_top_hit
Zeng|3262,Macosko|Inh_Pax7_Qrfpr_4,0.9112412436811086,0.9112412436811086,Reciprocal_top_hit
Zeng|2306,Macosko|Inh_Pax7_Rxfp3_2,0.998233726931254,0.998233726931254,Reciprocal_top_hit
Zeng|177,Macosko|Inh_Pax7_Slc38a11,0.939239094566638,0.939239094566638,Reciprocal_top_hit
Zeng|3480,Macosko|Inh_Pax7_Tshr,0.9890957048066212,0.9890957048066212,Reciprocal_top_hit
Zeng|883,Macosko|Inh_Pax7_Vmn1r207_2,0.9943650326528964,0.9943650326528964,Reciprocal_top_hit
Zeng|1389,Macosko|Inh_Pax7_Vmn1r207_3,0.98667909165754,0.98667909165754,Reciprocal_top_hit
Zeng|3005,Macosko|Inh_Pax7_Vmn1r207_6,0.9992394471930296,0.9992394471930296,Reciprocal_top_hit
Zeng|1313,Macosko|Inh_Pax7_Vmn1r207_7,0.9934520708470956,0.9934520708470956,Reciprocal_top_hit
Zeng|4535,Macosko|Inh_Pax8_Agtr1b_1,0.7874451468307806,0.7874451468307806,Reciprocal_top_hit
Zeng|1472,Macosko|Inh_Pax8_Bmp4_2,0.9888980908334792,0.9888980908334792,Reciprocal_top_hit
Zeng|75,Macosko|Inh_Pax8_Hhip,0.9882479838430628,0.9882479838430628,Reciprocal_top_hit
Zeng|570,Macosko|Inh_Pax8_Krt19,0.6617322418261278,0.6617322418261278,Reciprocal_top_hit
Zeng|4086,Macosko|Inh_Pax8_Layn,0.9992193123409152,0.9992193123409152,Reciprocal_top_hit
Zeng|1981,Macosko|Inh_Pax8_Ngfr_1,0.9835332335166508,0.9835332335166508,Reciprocal_top_hit
Zeng|3446,Macosko|Inh_Pax8_Pdzk1ip1_1,0.9993164995732378,0.9993164995732378,Reciprocal_top_hit
Zeng|2029,Macosko|Inh_Pax8_Pkhd1l1_1,0.923349521854714,0.923349521854714,Reciprocal_top_hit
Zeng|3858,Macosko|Inh_Pax8_Pkhd1l1_5,0.9802504531147612,0.9802504531147612,Reciprocal_top_hit
Zeng|2326,Macosko|Inh_Pax8_Pkhd1l1_7,0.9687130199164062,0.9687130199164062,Reciprocal_top_hit
Zeng|24715,Macosko|Inh_Pax8_Pkhd1l1_9,0.9971639711936304,0.9971639711936304,Reciprocal_top_hit
Zeng|2932,Macosko|Inh_Pax8_Sfrp1_9,0.9414181422343942,0.9414181422343942,Reciprocal_top_hit
Zeng|34311,Macosko|Inh_Pax8_Slc34a2,0.9973269521124596,0.9973269521124596,Reciprocal_top_hit
Zeng|958,Macosko|Inh_Pax8_Vmn1r196,0.9967351609501012,0.9967351609501012,Reciprocal_top_hit
Zeng|1267,Macosko|Inh_Pde11a_Atp2c2_1,0.918131715158332,0.918131715158332,Reciprocal_top_hit
Zeng|14986,Macosko|Inh_Pde11a_Pgm5_3,0.899531008883981,0.899531008883981,Reciprocal_top_hit
Zeng|1436,Macosko|Inh_Pde11a_Pgm5_7,0.9682568312611548,0.9682568312611548,Reciprocal_top_hit
Zeng|3710,Macosko|Inh_Pou3f1_Gm525,0.8782778688148077,0.8782778688148077,Reciprocal_top_hit
Zeng|2952,Macosko|Inh_Pou6f2_Fst,0.9748828763160284,0.9748828763160284,Reciprocal_top_hit
Zeng|5153,Macosko|Inh_Pou6f2_Kcnj5,0.9817821903997428,0.9817821903997428,Reciprocal_top_hit
Zeng|1082,Macosko|Inh_Ppp1r1b_Drd1_Prima1,0.974790911609601,0.974790911609601,Reciprocal_top_hit
Zeng|1989,Macosko|Inh_Ppp1r1b_Drd1_Zp3r_1,0.9868923049819842,0.9868923049819842,Reciprocal_top_hit
Zeng|1721,Macosko|Inh_Ppp1r1b_Drd2_Fos,0.9968896962941228,0.9968896962941228,Reciprocal_top_hit
Zeng|1010,Macosko|Inh_Ppp1r1b_Drd2_Fst,0.99671325980143,0.99671325980143,Reciprocal_top_hit
Zeng|1057,Macosko|Inh_Ppp1r1b_Drd2_Pde1a_Myo3b,0.984378084465301,0.984378084465301,Reciprocal_top_hit
Zeng|1993,Macosko|Inh_Ppp1r1b_Drd2_Prima1,0.993258259291139,0.993258259291139,Reciprocal_top_hit
Zeng|2099,Macosko|Inh_Ppp1r1b_Drd2_Sema5d_1,0.982127429099978,0.982127429099978,Reciprocal_top_hit
Zeng|842,Macosko|Inh_Sall3_Chrne,0.9960775919936125,0.9960775919936125,Reciprocal_top_hit
Zeng|331,Macosko|Inh_Sall3_Cytip_1,0.9971623985061898,0.9971623985061898,Reciprocal_top_hit
Zeng|1151,Macosko|Inh_Sall3_Cytip_2,0.9918683576096572,0.9918683576096572,Reciprocal_top_hit
Zeng|3470,Macosko|Inh_Sall3_Ndnf_2,0.9923051453378624,0.9923051453378624,Reciprocal_top_hit
Zeng|1422,Macosko|Inh_Sall3_Ndnf_3,0.9517627942546716,0.9517627942546716,Reciprocal_top_hit
Zeng|3489,Macosko|Inh_Sall3_Ndnf_5,0.9882485957359772,0.9882485957359772,Reciprocal_top_hit
Zeng|278,Macosko|Inh_Sall3_Prss23,0.9378464512262124,0.9378464512262124,Reciprocal_top_hit
Zeng|948,Macosko|Inh_Sall3_Trhr_2,0.991060174273508,0.991060174273508,Reciprocal_top_hit
Zeng|1589,Macosko|Inh_Sall3_Trhr_4,0.963867669013706,0.963867669013706,Reciprocal_top_hit
Zeng|3154,Macosko|Inh_Six3_Agtr2,0.9925448366866914,0.9925448366866914,Reciprocal_top_hit
Zeng|3548,Macosko|Inh_Six3_Bmp3_Ano1_1,0.997025977088276,0.997025977088276,Reciprocal_top_hit
Zeng|3148,Macosko|Inh_Six3_Cela1_1,0.9725487673987756,0.9725487673987756,Reciprocal_top_hit
Zeng|3546,Macosko|Inh_Six3_Cela1_2,0.998081133904761,0.998081133904761,Reciprocal_top_hit
Zeng|3150,Macosko|Inh_Six3_Dio2,0.991628840197619,0.991628840197619,Reciprocal_top_hit
Zeng|2325,Macosko|Inh_Six3_Gchfr_3,0.9665871399556129,0.9665871399556129,Reciprocal_top_hit
Zeng|1767,Macosko|Inh_Six3_Ikzf1_1,0.9918406317956728,0.9918406317956728,Reciprocal_top_hit
Zeng|634,Macosko|Inh_Six3_Met_4,0.9948985258687424,0.9948985258687424,Reciprocal_top_hit
Zeng|807,Macosko|Inh_Six3_Pnliprp2_3,0.7139091332358882,0.7139091332358882,Reciprocal_top_hit
Zeng|2103,Macosko|Inh_Six3_Pvalb_Efemp1_1,0.99114432080207715,0.99114432080207715,Reciprocal_top_hit
Zeng|941,Macosko|Inh_Six3_Pvalb_Npy_1,0.9880001929079468,0.9880001929079468,Reciprocal_top_hit
Zeng|3496,Macosko|Inh_Six3_Smad6_1,0.9983569581457248,0.9983569581457248,Reciprocal_top_hit
Zeng|3330,Macosko|Inh_Six3_Sox2_4,0.9974136558623932,0.9974136558623932,Reciprocal_top_hit
Zeng|3129,Macosko|Inh_Six3_Sox2_5,0.9957321341107758,0.9957321341107758,Reciprocal_top_hit
Zeng|2314,Macosko|Inh_Six3_Sox2_6,0.7412505149375737,0.7412505149375737,Reciprocal_top_hit
Zeng|1842,Macosko|Inh_Six3_Sox2_8,0.996365271753924,0.996365271753924,Reciprocal_top_hit
Zeng|348,Macosko|Inh_Six3_Vmn1r209,0.9964176038021872,0.9964176038021872,Reciprocal_top_hit
Zeng|2809,Macosko|Inh_Six3_Wdr72_2,0.8821164972037023,0.8821164972037023,Reciprocal_top_hit
Zeng|1574,Macosko|Inh_Six6_Grp,0.9494494407618728,0.9494494407618728,Reciprocal_top_hit
Zeng|2466,Macosko|Inh_Six6_Vipr2_4,0.9997621766894698,0.9997621766894698,Reciprocal_top_hit
Zeng|1415,Macosko|Inh_Six6_Vipr2_5,0.7401590507786454,0.7401590507786454,Reciprocal_top_hit
Zeng|640,Macosko|Inh_Six6_Vipr2_6,0.9864835966469464,0.9864835966469464,Reciprocal_top_hit
Zeng|1072,Macosko|Inh_Six6_Vipr2_8,0.994006426003938,0.994006426003938,Reciprocal_top_hit
Zeng|5039,Macosko|Inh_Sncg_Calcb_2,0.9985607744405376,0.9985607744405376,Reciprocal_top_hit
Zeng|713,Macosko|Inh_Sncg_Calcb_3,0.9990494598054624,0.9990494598054624,Reciprocal_top_hit
Zeng|2258,Macosko|Inh_Sncg_Calcb_5,0.9945636103531612,0.9945636103531612,Reciprocal_top_hit
Zeng|518,Macosko|Inh_Sncg_Calcb_6,0.8910686499650237,0.8910686499650237,Reciprocal_top_hit
Zeng|1186,Macosko|Inh_Sncg_Calcb_7,0.9977873794683322,0.9977873794683322,Reciprocal_top_hit
Zeng|4148,Macosko|Inh_Sncg_Edn3,0.9986054222452284,0.9986054222452284,Reciprocal_top_hit
Zeng|5049,Macosko|Inh_Sncg_Slc17a8,0.9975656945458842,0.9975656945458842,Reciprocal_top_hit
Zeng|2963,Macosko|Inh_Sncg_Sln_Plch2_2,0.9988596270540392,0.9988596270540392,Reciprocal_top_hit
Zeng|3525,Macosko|Inh_Sox6_Chrna2,0.9977776018057452,0.9977776018057452,Reciprocal_top_hit
Zeng|2335,Macosko|Inh_Sox6_Chrna5_2,0.998645760675022,0.998645760675022,Reciprocal_top_hit
Zeng|2877,Macosko|Inh_Sox6_Postn_2,0.9849005200969349,0.9849005200969349,Reciprocal_top_hit
Zeng|2805,Macosko|Inh_Sp8_Abcb5,0.9820168263689218,0.9820168263689218,Reciprocal_top_hit
Zeng|867,Macosko|Inh_Sp8_Ctsc_1,0.9559085343643448,0.9559085343643448,Reciprocal_top_hit
Zeng|3417,Macosko|Inh_Sp8_Spp1_1,0.9965335513009308,0.9965335513009308,Reciprocal_top_hit
Zeng|1359,Macosko|Inh_Sp8_Spp1_3,0.9930256277981556,0.9930256277981556,Reciprocal_top_hit
Zeng|4451,Macosko|Inh_Sp8_Tgfbi,0.9937789933751504,0.9937789933751504,Reciprocal_top_hit
Zeng|3299,Macosko|Inh_Tbx3_Atf7ip2,0.9982964108014448,0.9982964108014448,Reciprocal_top_hit
Zeng|1969,Macosko|Inh_Tbx3_Fli1_2,0.8650680715253595,0.8650680715253595,Reciprocal_top_hit
Zeng|4976,Macosko|Inh_Tbx3_Serpina3n_1,0.9504320530418856,0.9504320530418856,Reciprocal_top_hit
Zeng|3537,Macosko|Inh_Tfap2a_Cdh1,0.9818130668049948,0.9818130668049948,Reciprocal_top_hit
Zeng|4840,Macosko|Inh_Tfap2a_Chrdl2_2,0.9627997839532576,0.9627997839532576,Reciprocal_top_hit
Zeng|1965,Macosko|Inh_Tfap2a_Frem2,0.9620838297802624,0.9620838297802624,Reciprocal_top_hit
Zeng|4009,Macosko|Inh_Tfap2a_Nxf7,0.9947546249779728,0.9947546249779728,Reciprocal_top_hit
Zeng|1361,Macosko|Inh_Tfap2a_Pthlh_3,0.9799669389737916,0.9799669389737916,Reciprocal_top_hit
Zeng|3382,Macosko|Inh_Tfap2a_Scrg1_2,0.995439174733392,0.995439174733392,Reciprocal_top_hit
Zeng|1272,Macosko|Inh_Tfap2b_Acsm2,0.9562459727098672,0.9562459727098672,Reciprocal_top_hit
Zeng|3594,Macosko|Inh_Tfap2b_Aym1_1,0.9002877134041962,0.9002877134041962,Reciprocal_top_hit
Zeng|68,Macosko|Inh_Tfap2b_Cyp26b1_1,0.9719362207048776,0.9719362207048776,Reciprocal_top_hit
Zeng|24611,Macosko|Inh_Tfap2b_Postn_2,0.9907314518828808,0.9907314518828808,Reciprocal_top_hit
Zeng|4364,Macosko|Inh_Tfap2b_Vip_1,0.982526581627845,0.982526581627845,Reciprocal_top_hit
Zeng|5152,Macosko|Inh_Usp43_Arhgap6,0.9912927907740878,0.9912927907740878,Reciprocal_top_hit
Zeng|1202,Macosko|Inh_Vcan_St8sia2_3,0.9942294590301484,0.9942294590301484,Reciprocal_top_hit
Zeng|962,Macosko|Inh_Vcan_St8sia2_4,0.99507846215405,0.99507846215405,Reciprocal_top_hit
Zeng|3925,Macosko|Inh_Vcan_St8sia2_5,0.9500577387420626,0.9500577387420626,Reciprocal_top_hit
Zeng|3179,Macosko|Inh_Vcan_St8sia2_6,0.9943815218719066,0.9943815218719066,Reciprocal_top_hit
Zeng|993,Macosko|Inh_Vip_Glp1r_Egfr,0.9866371724724836,0.9866371724724836,Reciprocal_top_hit
Zeng|2398,Macosko|Inh_Vip_Sncg_Yjefn3,0.999267427417238,0.999267427417238,Reciprocal_top_hit
Zeng|2455,Macosko|Inh_Vip_Trim55_3,0.9972138845853484,0.9972138845853484,Reciprocal_top_hit
Zeng|3807,Macosko|Inh_Vip_Trim55_6,0.8755219356815022,0.8755219356815022,Reciprocal_top_hit
Zeng|954,Macosko|Inh_Vwc2l_Otogl1_2,0.9993265380561422,0.9993265380561422,Reciprocal_top_hit
Zeng|1894,Macosko|Inh_Vwc2l_Otogl1_3,0.9988849193932716,0.9988849193932716,Reciprocal_top_hit
Zeng|5275,Macosko|Macro_Mrc1_Cd209a,0.9955179981731946,0.9955179981731946,Reciprocal_top_hit
Zeng|1526,Macosko|Macro_Mrc1_Ms4a4a,0.941035248893768,0.941035248893768,Reciprocal_top_hit
Zeng|14915,Macosko|Micro_Selplg_Siglech,0.920802938134271,0.920802938134271,Reciprocal_top_hit
Zeng|1367,Macosko|NG_Draxin_12,0.7989604351108754,0.7989604351108754,Reciprocal_top_hit
Zeng|3306,Macosko|NG_Draxin_1,0.9340540156669797,0.9340540156669797,Reciprocal_top_hit
Zeng|14939,Macosko|NG_Draxin_3,0.97837945563602,0.97837945563602,Reciprocal_top_hit
Zeng|3481,Macosko|NG_Draxin_6,0.9997821615452532,0.9997821615452532,Reciprocal_top_hit
Zeng|1360,Macosko|NG_Draxin_8,0.999663353298756,0.999663353298756,Reciprocal_top_hit
Zeng|1439,Macosko|NG_Myoz1_1,0.9859703916272928,0.9859703916272928,Reciprocal_top_hit
Zeng|14914,Macosko|NG_Myoz1_3,0.8834935554057519,0.8834935554057519,Reciprocal_top_hit
Zeng|3695,Macosko|NG_Myoz1_5,0.9927584132154748,0.9927584132154748,Reciprocal_top_hit
Zeng|1316,Macosko|NG_Myoz1_7,0.9677146716415608,0.9677146716415608,Reciprocal_top_hit
Zeng|2299,Macosko|Ng_Lhx1_Gcgr,0.9987148036547778,0.9987148036547778,Reciprocal_top_hit
Zeng|4846,Macosko|Ng_Lhx1_Mab21l3_2,0.9996458022541058,0.9996458022541058,Reciprocal_top_hit
Zeng|4637,Macosko|NorEx_Phox2b_Gfral_1,0.9983312833957456,0.9983312833957456,Reciprocal_top_hit
Zeng|3142,Macosko|NorEx_Phox2b_Gfral_2,0.965922915149172,0.965922915149172,Reciprocal_top_hit
Zeng|3986,Macosko|NorEx_Phox2b_Gfral_3,0.8937379208131291,0.8937379208131291,Reciprocal_top_hit
Zeng|2812,Macosko|NorEx_Phox2b_Mtnr1a,0.7448803062337955,0.7448803062337955,Reciprocal_top_hit
Zeng|3936,Macosko|NorEx_Phox2b_Ndufa4l2_1,0.9966969889428744,0.9966969889428744,Reciprocal_top_hit
Zeng|3903,Macosko|NorEx_Phox2b_Pmnt_3,0.9620390039175756,0.9620390039175756,Reciprocal_top_hit
Zeng|3967,Macosko|NorEx_Phox2b_Ppara_2,0.9999051347203632,0.9999051347203632,Reciprocal_top_hit
Zeng|3946,Macosko|NorEx_Phox2b_Rrad,0.9831218950333666,0.9831218950333666,Reciprocal_top_hit
Zeng|3884,Macosko|NorEx_Phox2b_Tmem45a2_1,0.9933107030350316,0.9933107030350316,Reciprocal_top_hit
Zeng|4252,Macosko|NorEx_Phox2b_Tmem45a2_2,0.9953668603280644,0.9953668603280644,Reciprocal_top_hit
Zeng|3970,Macosko|Nor_Phox2b_Pla2g4d_2,0.9906950282618756,0.9906950282618756,Reciprocal_top_hit
Zeng|3935,Macosko|Nor_Phox2b_Prlh,0.9884551105246964,0.9884551105246964,Reciprocal_top_hit
Zeng|4539,Macosko|OPC_Cspg5,0.9594793521987506,0.9594793521987506,Reciprocal_top_hit
Zeng|5230,Macosko|Oligo_Klk6_1,0.9801799981128916,0.9801799981128916,Reciprocal_top_hit
Zeng|5215,Macosko|Oligo_Opalin_Enpp6_2,0.569509473818503,0.569509473818503,Reciprocal_top_hit
Zeng|1217,Macosko|SerEx_Fev_Crhr2_3,0.9313697185585494,0.9313697185585494,Reciprocal_top_hit
Zeng|3157,Macosko|SerEx_Fev_Cwh43,0.9995578235973084,0.9995578235973084,Reciprocal_top_hit
Zeng|3488,Macosko|SerInh_Fev_Fbxw28,0.9959627389106712,0.9959627389106712,Reciprocal_top_hit
Zeng|5092,Macosko|SerInh_Fev_Itgb6_2,0.9948690349646212,0.9948690349646212,Reciprocal_top_hit
Zeng|2852,Macosko|Ser_Fev_Oas1e,0.9997759993590728,0.9997759993590728,Reciprocal_top_hit
Zeng|709,Macosko|Ser_Fev_Siglec15,0.9995362841191848,0.9995362841191848,Reciprocal_top_hit
Zeng|1004,Macosko|Ser_Fev_Wfdc12,0.9971024013019104,0.9971024013019104,Reciprocal_top_hit
Zeng|2982,Macosko|Tanycyte_Rax_Fndc3c1_1,0.9995134192222584,0.9995134192222584,Reciprocal_top_hit
Zeng|4817,Macosko|Tanycyte_Rax_Fndc3c1_2,0.996486223985802,0.996486223985802,Reciprocal_top_hit
