Study_ID|Celltype_1,Study_ID|Celltype_2
Macosko|Astro_Emid1_Cd38,Zeng|14862
Macosko|Astro_Emid1_Gdf10,Zeng|14873
Macosko|Astro_Ephb1_Fzd2,Zeng|14939
Macosko|Astro_Fabp7_Hs3st3a1_1,Zeng|14951
Macosko|Astro_Fabp7_Hs3st3a1_2,Zeng|14953
Macosko|Astro_Fabp7_Hs3st3a1_3,Zeng|14858
Macosko|Astro_Fabp7_Hs3st3a1_5,Zeng|14857
Macosko|Astro_Fabp7_Wt1,Zeng|14886
Macosko|CholEx_Fbxl7_Defa24,Zeng|4050
Macosko|CholEx_Hoxb5_Prdm16_1,Zeng|3628
Macosko|CholEx_Irx2_Gm5741,Zeng|2894
Macosko|CholEx_Irx2_Slc43a3_1,Zeng|2878
Macosko|CholEx_Irx2_Slc43a3_2,Zeng|2880
Macosko|CholEx_Lhx9_Evx2_Crabp1,Zeng|24678
Macosko|CholEx_Nkx2-4_Hmcn1_1,Zeng|2330
Macosko|CholEx_Pax2_Shisal2b,Zeng|24593
Macosko|CholEx_Tcf24_Oxtr,Zeng|2670
Macosko|CholInh_Ecel1_Ghrh_2,Zeng|2052
Macosko|CholInh_Ecel1_Nid1,Zeng|571
Macosko|Chol_C1ql4_Olfr1033,Zeng|2663
Macosko|Chol_Ecel1_1700025C18Rik_1,Zeng|589
Macosko|Chol_Ecel1_1700025C18Rik_2,Zeng|587
Macosko|Chol_Ecel1_Gm7271,Zeng|584
Macosko|Chol_Ecel1_Sall4,Zeng|586
Macosko|Chol_Tbx20_S100a11_4,Zeng|3894
Macosko|DC_Slamf7_Gcsam,Zeng|5277
Macosko|DopEx_Calb1_Aqp1,Zeng|2396
Macosko|DopEx_Calb1_Col6a5,Zeng|2400
Macosko|DopEx_Calb1_Lpl_1,Zeng|2413
Macosko|DopEx_Calb1_Lpl_2,Zeng|2395
Macosko|DopEx_Calb1_Npw_2,Zeng|2397
Macosko|DopEx_Calb1_Trpv1,Zeng|2402
Macosko|Endo_Flt1_Acta2_Olfr558_3,Zeng|5249
Macosko|Endo_Flt1_Kcnj8,Zeng|5243
Macosko|Endo_Flt1_Rgs5_Slc19a3_1,Zeng|5255
Macosko|ExInh_Lmx1b_Met,Zeng|2420
Macosko|ExInh_Lmx1b_Slc26a7_2,Zeng|2425
Macosko|Ex_Abi3bp_Hcrtr2,Zeng|977
Macosko|Ex_Abi3bp_Insyn2b,Zeng|292
Macosko|Ex_Abi3bp_Pnmt,Zeng|296
Macosko|Ex_Abi3bp_Tfap2d,Zeng|281
Macosko|Ex_C1ql4_Asb4,Zeng|4968
Macosko|Ex_C1ql4_Cox6a2_1,Zeng|4695
Macosko|Ex_C1ql4_Cpne7_4,Zeng|3867
Macosko|Ex_C1ql4_Crispld2_1,Zeng|2645
Macosko|Ex_C1ql4_Crispld2_2,Zeng|2660
Macosko|Ex_C1ql4_Drd1_4,Zeng|2671
Macosko|Ex_C1ql4_Drd1_7,Zeng|2664
Macosko|Ex_C1ql4_Foxd3_2,Zeng|3083
Macosko|Ex_C1ql4_Myo18b_1,Zeng|24680
Macosko|Ex_C1ql4_Nostrin,Zeng|3868
Macosko|Ex_C1ql4_Prph,Zeng|4717
Macosko|Ex_C1ql4_Rgcc_3,Zeng|4719
Macosko|Ex_C1ql4_Rgcc_4,Zeng|4715
Macosko|Ex_C1ql4_Teddm3_3,Zeng|4754
Macosko|Ex_C1ql4_Tgm6_3,Zeng|2666
Macosko|Ex_C1ql4_Tnfrsf11b_1,Zeng|4718
Macosko|Ex_C1ql4_Tnnt2,Zeng|24574
Macosko|Ex_C1ql4_Trhr_1,Zeng|4751
Macosko|Ex_C1ql4_Trhr_2,Zeng|4742
Macosko|Ex_C1ql4_Trhr_7,Zeng|4744
Macosko|Ex_C1ql4_Wnt2,Zeng|4707
Macosko|Ex_Ccn2_Nmbr_1,Zeng|20
Macosko|Ex_Ccn2_Prph,Zeng|23
Macosko|Ex_Ccn3_Fezf2_Dcn_2,Zeng|446
Macosko|Ex_Ccn3_Fezf2_Vgll3_1,Zeng|438
Macosko|Ex_Ccn3_Fezf2_Vgll3_2,Zeng|442
Macosko|Ex_Ccn3_Slc30a3_Grp,Zeng|474
Macosko|Ex_Cplx3_Samd9l,Zeng|19
Macosko|Ex_Crym_Chrna5,Zeng|328
Macosko|Ex_Crym_Cldn22,Zeng|421
Macosko|Ex_Crym_Cxcl12,Zeng|483
Macosko|Ex_Crym_Mndal_1,Zeng|414
Macosko|Ex_Crym_Nuak2,Zeng|297
Macosko|Ex_Crym_Odad2_1,Zeng|428
Macosko|Ex_Crym_Odad2_3,Zeng|429
Macosko|Ex_Crym_Plagl1_1,Zeng|425
Macosko|Ex_Crym_Plagl1_2,Zeng|426
Macosko|Ex_Crym_Prrx1,Zeng|417
Macosko|Ex_Dab2_Tmem100_2,Zeng|3665
Macosko|Ex_Dach2_Arhgap36_2,Zeng|4860
Macosko|Ex_Dach2_Arhgap36_3,Zeng|4862
Macosko|Ex_Dcn_Grik3,Zeng|114
Macosko|Ex_Defb1_Bhlhe23_1,Zeng|4843
Macosko|Ex_Defb1_Fgf17,Zeng|4732
Macosko|Ex_Defb1_Ldoc1_2,Zeng|4708
Macosko|Ex_Defb1_Wif1,Zeng|4690
Macosko|Ex_Defb1_Zic2,Zeng|4533
Macosko|Ex_Dkk2_Morc1_1,Zeng|4256
Macosko|Ex_Dlk1_Nms,Zeng|3616
Macosko|Ex_Dmrta2_Agtr1b_3,Zeng|2418
Macosko|Ex_Dmrta2_Arhgap36_2,Zeng|2211
Macosko|Ex_Dmrta2_Cd274,Zeng|2350
Macosko|Ex_Dmrta2_Chat_2,Zeng|2356
Macosko|Ex_Dmrta2_Chrna6_1,Zeng|2380
Macosko|Ex_Dmrta2_Chrna6_3,Zeng|2381
Macosko|Ex_Dmrta2_Chrna6_6,Zeng|2374
Macosko|Ex_Dmrta2_Col6a6,Zeng|2382
Macosko|Ex_Dmrta2_Col6a6_1,Zeng|2212
Macosko|Ex_Dmrta2_Crhbp_4,Zeng|2354
Macosko|Ex_Dmrta2_Csf2rb2_1,Zeng|2347
Macosko|Ex_Dmrta2_Fn1_1,Zeng|2148
Macosko|Ex_Dmrta2_Greb1_2,Zeng|2210
Macosko|Ex_Dmrta2_Lsp1,Zeng|2362
Macosko|Ex_Dmrta2_Nmu,Zeng|2150
Macosko|Ex_Dmrta2_Tgm6_1,Zeng|2201
Macosko|Ex_Dsp_Atf3_2,Zeng|1402
Macosko|Ex_Dsp_Atf3_3,Zeng|1401
Macosko|Ex_Dsp_Gsg1l,Zeng|1403
Macosko|Ex_Dsp_Moxd1_1,Zeng|1405
Macosko|Ex_Ebf2_4930469K13Rik_1,Zeng|4255
Macosko|Ex_Ebf2_6430628N08Rik_3,Zeng|4242
Macosko|Ex_Ebf2_6430628N08Rik_5,Zeng|4225
Macosko|Ex_Ebf2_Abcc9_4,Zeng|4233
Macosko|Ex_Ebf2_Antxr2,Zeng|4743
Macosko|Ex_Ebf2_Atp8b1,Zeng|4614
Macosko|Ex_Ebf2_Bhlhe23,Zeng|4861
Macosko|Ex_Ebf2_Bmp7_1,Zeng|4505
Macosko|Ex_Ebf2_C1ql2_2,Zeng|4722
Macosko|Ex_Ebf2_C1qtnf7_1,Zeng|4335
Macosko|Ex_Ebf2_C1qtnf7_2,Zeng|4334
Macosko|Ex_Ebf2_Catspere1_1,Zeng|4070
Macosko|Ex_Ebf2_Clec9a_1,Zeng|4628
Macosko|Ex_Ebf2_Clec9a_2,Zeng|4626
Macosko|Ex_Ebf2_Cox8b_1,Zeng|8173
Macosko|Ex_Ebf2_Crhr2_2,Zeng|4331
Macosko|Ex_Ebf2_Ddit4l_1,Zeng|4336
Macosko|Ex_Ebf2_Ddit4l_3,Zeng|4337
Macosko|Ex_Ebf2_Emilin2,Zeng|4230
Macosko|Ex_Ebf2_Fam83f,Zeng|4912
Macosko|Ex_Ebf2_Fer1l6_1,Zeng|4333
Macosko|Ex_Ebf2_Fgfr4,Zeng|4829
Macosko|Ex_Ebf2_Fzd9_3,Zeng|8175
Macosko|Ex_Ebf2_Gask1b_1,Zeng|4330
Macosko|Ex_Ebf2_Ghrh_3,Zeng|4507
Macosko|Ex_Ebf2_Gli2,Zeng|4059
Macosko|Ex_Ebf2_Glp1r_2,Zeng|5409
Macosko|Ex_Ebf2_Gng8,Zeng|4610
Macosko|Ex_Ebf2_Gpsm3_1,Zeng|4815
Macosko|Ex_Ebf2_Ifi213_1,Zeng|4622
Macosko|Ex_Ebf2_Ifi213_3,Zeng|4627
Macosko|Ex_Ebf2_Iigp1_1,Zeng|2679
Macosko|Ex_Ebf2_Il15_1,Zeng|4471
Macosko|Ex_Ebf2_Il15_3,Zeng|4504
Macosko|Ex_Ebf2_Krt17_1,Zeng|8176
Macosko|Ex_Ebf2_Lpar1,Zeng|4739
Macosko|Ex_Ebf2_Ltbp1_1,Zeng|4811
Macosko|Ex_Ebf2_Ltbp1_2,Zeng|4816
Macosko|Ex_Ebf2_Mgst2,Zeng|4527
Macosko|Ex_Ebf2_Mybpc1,Zeng|4823
Macosko|Ex_Ebf2_Nat8f6_1,Zeng|4344
Macosko|Ex_Ebf2_Nat8f6_2,Zeng|4345
Macosko|Ex_Ebf2_Nek11_2,Zeng|4916
Macosko|Ex_Ebf2_Niban1_2,Zeng|2870
Macosko|Ex_Ebf2_Nmu_2,Zeng|4328
Macosko|Ex_Ebf2_Npffr2_2,Zeng|4640
Macosko|Ex_Ebf2_Olfr273_2,Zeng|4239
Macosko|Ex_Ebf2_Pla2g5_11,Zeng|4346
Macosko|Ex_Ebf2_Postn,Zeng|2115
Macosko|Ex_Ebf2_Ptpn14,Zeng|3987
Macosko|Ex_Ebf2_Rab38,Zeng|4694
Macosko|Ex_Ebf2_Rxfp1,Zeng|4340
Macosko|Ex_Ebf2_Sec1_1,Zeng|4231
Macosko|Ex_Ebf2_Sec1_4,Zeng|4232
Macosko|Ex_Ebf2_Slc38a11,Zeng|4492
Macosko|Ex_Ebf2_Slc5a7,Zeng|4821
Macosko|Ex_Ebf2_Sp5_4,Zeng|4817
Macosko|Ex_Ebf2_Sp5_8,Zeng|4818
Macosko|Ex_Ebf2_Spef2_1,Zeng|4599
Macosko|Ex_Ebf2_Spef2_2,Zeng|4512
Macosko|Ex_Ebf2_Tac2_1,Zeng|4234
Macosko|Ex_Ebf2_Tac2_2,Zeng|4238
Macosko|Ex_Ebf2_Tnc,Zeng|4477
Macosko|Ex_Ebf2_Tnfaip8_5,Zeng|8163
Macosko|Ex_Ebf2_Upp1_1,Zeng|4248
Macosko|Ex_Ebf3_Adam33_1,Zeng|4259
Macosko|Ex_Ebf3_Adam33_11,Zeng|4265
Macosko|Ex_Ebf3_Adam33_7,Zeng|4258
Macosko|Ex_Ebf3_Dsc3,Zeng|4264
Macosko|Ex_Emx2_Foxa2_3,Zeng|2158
Macosko|Ex_Evx1_Nptx2,Zeng|3756
Macosko|Ex_Evx1_Papln,Zeng|24424
Macosko|Ex_Evx2_Adamts19,Zeng|4975
Macosko|Ex_Evx2_Erfl_1,Zeng|24588
Macosko|Ex_Evx2_Gulo,Zeng|3764
Macosko|Ex_Evx2_Jaml,Zeng|24408
Macosko|Ex_Evx2_Krt19,Zeng|4969
Macosko|Ex_Evx2_Ngfr,Zeng|4962
Macosko|Ex_Evx2_Npsr1,Zeng|3733
Macosko|Ex_Evx2_Pdyn,Zeng|3107
Macosko|Ex_Evx2_Prdm6_1,Zeng|24666
Macosko|Ex_Evx2_Prdm6_2,Zeng|24665
Macosko|Ex_Evx2_Tafa3,Zeng|3769
Macosko|Ex_Evx2_Tnnt2,Zeng|24589
Macosko|Ex_Fam163a_Adad2,Zeng|3722
Macosko|Ex_Fam163a_Npy2r,Zeng|3724
Macosko|Ex_Fbxl7_Hmga2,Zeng|3108
Macosko|Ex_Fbxl7_Insrr_2,Zeng|4060
Macosko|Ex_Fezf1_Bnc2_1,Zeng|2518
Macosko|Ex_Fezf1_Bnc2_3,Zeng|2508
Macosko|Ex_Fezf2_9130008F23Rik,Zeng|375
Macosko|Ex_Fezf2_C1qtnf7,Zeng|318
Macosko|Ex_Fezf2_Col6a1_Gp139_Fos,Zeng|68
Macosko|Ex_Fezf2_Col6a1_Gpr139,Zeng|71
Macosko|Ex_Fezf2_Cpa6,Zeng|65
Macosko|Ex_Fezf2_Dlk1_A730049H05Rik,Zeng|362
Macosko|Ex_Fezf2_Dlk1_Fos_1,Zeng|346
Macosko|Ex_Fezf2_Fibcd1_Fos_Sema3e,Zeng|147
Macosko|Ex_Fezf2_Fn1_Mctp2,Zeng|372
Macosko|Ex_Fezf2_Galr1,Zeng|369
Macosko|Ex_Fezf2_Il22,Zeng|413
Macosko|Ex_Fezf2_Kit_Sostdc1,Zeng|60
Macosko|Ex_Fezf2_Lhx9_1,Zeng|365
Macosko|Ex_Fezf2_Lhx9_2,Zeng|324
Macosko|Ex_Fezf2_Lhx9_3,Zeng|355
Macosko|Ex_Fezf2_Lipm,Zeng|326
Macosko|Ex_Fezf2_Lrp2,Zeng|330
Macosko|Ex_Fezf2_Myzap,Zeng|77
Macosko|Ex_Fezf2_Pirt_Gli2,Zeng|93
Macosko|Ex_Fezf2_Pvalb_Pirt,Zeng|87
Macosko|Ex_Fezf2_Rgs16,Zeng|202
Macosko|Ex_Fezf2_Ror1_Clspn,Zeng|373
Macosko|Ex_Fezf2_Sebox,Zeng|75
Macosko|Ex_Fezf2_Slc9a4_Fos,Zeng|54
Macosko|Ex_Fezf2_Tmem255b_2,Zeng|42
Macosko|Ex_Fezf2_Urah_Alcam,Zeng|73
Macosko|Ex_Fezf2_Vgll3,Zeng|441
Macosko|Ex_Fibcd1_Lefty1_1,Zeng|358
Macosko|Ex_Fibcd1_Lefty1_2,Zeng|354
Macosko|Ex_Fibcd1_Lefty1_Nell1,Zeng|331
Macosko|Ex_Fibcd1_Psrc1_2,Zeng|350
Macosko|Ex_Fibcd1_Psrc1_5,Zeng|359
Macosko|Ex_Fibcd1_Slc9a4_1,Zeng|352
Macosko|Ex_Fibcd1_Tacr3_1,Zeng|343
Macosko|Ex_Fibcd1_Tacr3_2,Zeng|366
Macosko|Ex_Fn1_Cfap58,Zeng|306
Macosko|Ex_Fn1_Nts,Zeng|4683
Macosko|Ex_Foxb1_Nat8f6_1,Zeng|4176
Macosko|Ex_Foxd3_Irx4_2,Zeng|4040
Macosko|Ex_Foxd3_Olig3_1,Zeng|4115
Macosko|Ex_Foxd3_Olig3_2,Zeng|4055
Macosko|Ex_Foxp2_C130074G19Rik_1,Zeng|200
Macosko|Ex_Foxp2_Col12a1_Ddo,Zeng|70
Macosko|Ex_Foxp2_Col5a1,Zeng|72
Macosko|Ex_Foxp2_Dsc3,Zeng|312
Macosko|Ex_Gabra6_Gabrd,Zeng|5158
Macosko|Ex_Gata3_Cwh43,Zeng|3880
Macosko|Ex_Gata3_Slc17a8_1,Zeng|2857
Macosko|Ex_Gata3_Svs5,Zeng|3164
Macosko|Ex_Gata3_Tgm6_2,Zeng|3216
Macosko|Ex_Gbx2_Adam18_2,Zeng|5140
Macosko|Ex_Hmx2_Abcc9_1,Zeng|3629
Macosko|Ex_Hmx2_Ppef1_4,Zeng|3649
Macosko|Ex_Hmx2_Vip_1,Zeng|3646
Macosko|Ex_Hmx3_Has2,Zeng|4036
Macosko|Ex_Hmx3_Npbwr1,Zeng|4058
Macosko|Ex_Hmx3_Sst,Zeng|3645
Macosko|Ex_Hmx3_Twist2_1,Zeng|2570
Macosko|Ex_Hoxb3_Ldlrap1_15,Zeng|4217
Macosko|Ex_Hoxb5_Klc3,Zeng|3664
Macosko|Ex_Hoxb8_Aldh1a2_1,Zeng|4251
Macosko|Ex_Hoxc6_Hpse_2,Zeng|3824
Macosko|Ex_Hoxc6_Ppef1,Zeng|3817
Macosko|Ex_Hoxc6_Slc7a13_2,Zeng|3814
Macosko|Ex_Hpgd_Cd24a_2,Zeng|5017
Macosko|Ex_Hpgd_Ednra,Zeng|4548
Macosko|Ex_Hpgd_Pik3c2g_2,Zeng|4542
Macosko|Ex_Iqcj_Ms4a15_2,Zeng|2873
Macosko|Ex_Iqcj_Ms4a15_7,Zeng|2872
Macosko|Ex_Irx2_Cldn23,Zeng|2899
Macosko|Ex_Irx2_Kcng4_Slc43a3,Zeng|2889
Macosko|Ex_Irx2_Nppc_3,Zeng|2908
Macosko|Ex_Irx2_Rspo3_2,Zeng|2901
Macosko|Ex_Irx2_Slc43a3_1,Zeng|2882
Macosko|Ex_Irx3_Kcnj5_2,Zeng|4546
Macosko|Ex_Irx4_Slc17a8,Zeng|2631
Macosko|Ex_Lef1_Gpr101,Zeng|247
Macosko|Ex_Lhx1_Edn1,Zeng|2764
Macosko|Ex_Lhx2_Frk,Zeng|3827
Macosko|Ex_Lhx2_Gng8_1,Zeng|4799
Macosko|Ex_Lhx2_Hgf_1,Zeng|3812
Macosko|Ex_Lhx2_Il31ra_2,Zeng|2734
Macosko|Ex_Lhx2_Mafa,Zeng|4553
Macosko|Ex_Lhx2_Mdfic2,Zeng|3832
Macosko|Ex_Lhx2_Nek11_6,Zeng|4774
Macosko|Ex_Lhx2_Nek11_7,Zeng|4795
Macosko|Ex_Lhx2_Pth2,Zeng|4789
Macosko|Ex_Lhx2_Pth2_1,Zeng|4769
Macosko|Ex_Lhx2_Pth2_2,Zeng|4773
Macosko|Ex_Lhx2_Thbs2,Zeng|4178
Macosko|Ex_Lhx3_A730046J19Rik,Zeng|3700
Macosko|Ex_Lhx4_Cnga3,Zeng|3031
Macosko|Ex_Lhx4_Gpr101_2,Zeng|3032
Macosko|Ex_Lhx4_Gpr101_4,Zeng|3055
Macosko|Ex_Lhx4_Gpr101_5,Zeng|3036
Macosko|Ex_Lhx4_Hgf,Zeng|24410
Macosko|Ex_Lhx4_Pdlim3,Zeng|24681
Macosko|Ex_Lhx4_Vsx2_1,Zeng|3017
Macosko|Ex_Lhx4_Vsx2_2,Zeng|3028
Macosko|Ex_Lhx9_A1bg_1,Zeng|8178
Macosko|Ex_Lhx9_Adgrg2_3,Zeng|4788
Macosko|Ex_Lhx9_Atp8b1_3,Zeng|2609
Macosko|Ex_Lhx9_Cd44,Zeng|24533
Macosko|Ex_Lhx9_Chrm1_2,Zeng|2637
Macosko|Ex_Lhx9_Dnah5,Zeng|3833
Macosko|Ex_Lhx9_Hsd17b14_2,Zeng|4134
Macosko|Ex_Lhx9_Igfbp2_1,Zeng|8801
Macosko|Ex_Lhx9_Igfbpl1_2,Zeng|3835
Macosko|Ex_Lhx9_Lrp4,Zeng|4778
Macosko|Ex_Lhx9_Lrrk1,Zeng|3815
Macosko|Ex_Lhx9_Mstn_Vxn,Zeng|479
Macosko|Ex_Lhx9_Nps,Zeng|2602
Macosko|Ex_Lhx9_Npsr1_1,Zeng|4787
Macosko|Ex_Lhx9_Prdm6_1,Zeng|3823
Macosko|Ex_Lhx9_Prdm8_2,Zeng|4858
Macosko|Ex_Lhx9_Prok2,Zeng|2605
Macosko|Ex_Lhx9_Qrfprl_2,Zeng|3820
Macosko|Ex_Lhx9_Slc26a7_2,Zeng|4856
Macosko|Ex_Lhx9_Slc38a11_6,Zeng|24690
Macosko|Ex_Lhx9_Slc6a2_1,Zeng|3691
Macosko|Ex_Lhx9_Slc6a2_3,Zeng|3692
Macosko|Ex_Lmx1a_Bdnf_3,Zeng|2244
Macosko|Ex_Lmx1a_Bnc2,Zeng|2231
Macosko|Ex_Lmx1a_Cckar_1,Zeng|2196
Macosko|Ex_Lmx1a_Crhbp_5,Zeng|2377
Macosko|Ex_Lmx1a_Dkkl1,Zeng|2203
Macosko|Ex_Lmx1a_Dnaaf6b_1,Zeng|2190
Macosko|Ex_Lmx1a_Dnaaf6b_2,Zeng|2194
Macosko|Ex_Lmx1a_Galnt3_1,Zeng|2784
Macosko|Ex_Lmx1a_Gngt2,Zeng|2375
Macosko|Ex_Lmx1a_H2-Q10_2,Zeng|2235
Macosko|Ex_Lmx1a_H2-Q10_3,Zeng|2236
Macosko|Ex_Lmx1a_Irx3_3,Zeng|2206
Macosko|Ex_Lmx1a_Irx3_5,Zeng|2199
Macosko|Ex_Lmx1a_Irx6_3,Zeng|2207
Macosko|Ex_Lmx1a_Itih5,Zeng|2219
Macosko|Ex_Lmx1a_Itih5_1,Zeng|2243
Macosko|Ex_Lmx1a_Kcp_1,Zeng|2217
Macosko|Ex_Lmx1a_Kcp_2,Zeng|2222
Macosko|Ex_Lmx1a_Npffr2_2,Zeng|2376
Macosko|Ex_Lmx1a_Pgr15l_3,Zeng|2188
Macosko|Ex_Lmx1a_Pirt,Zeng|2181
Macosko|Ex_Lmx1a_Pkd1l1,Zeng|2240
Macosko|Ex_Lmx1a_Qrfprl_2,Zeng|2204
Macosko|Ex_Lmx1a_Scart2_2,Zeng|2338
Macosko|Ex_Lmx1a_Smd3,Zeng|5153
Macosko|Ex_Lmx1a_Wnt11,Zeng|2370
Macosko|Ex_Lmx1b_1110032F04Rik_2,Zeng|3830
Macosko|Ex_Lmx1b_Adam33_2,Zeng|3797
Macosko|Ex_Lmx1b_Arsj_2,Zeng|2815
Macosko|Ex_Lmx1b_Cd36_3,Zeng|2771
Macosko|Ex_Lmx1b_Dkkl1,Zeng|2797
Macosko|Ex_Lmx1b_Drd1_3,Zeng|2783
Macosko|Ex_Lmx1b_Dynap_4,Zeng|4245
Macosko|Ex_Lmx1b_Dynap_5,Zeng|4243
Macosko|Ex_Lmx1b_Dytn,Zeng|24688
Macosko|Ex_Lmx1b_Esm1,Zeng|3819
Macosko|Ex_Lmx1b_F2rl2,Zeng|4250
Macosko|Ex_Lmx1b_Hmx2_3,Zeng|2853
Macosko|Ex_Lmx1b_Itih5_1,Zeng|2772
Macosko|Ex_Lmx1b_Itih5_2,Zeng|2787
Macosko|Ex_Lmx1b_Meox2,Zeng|15081
Macosko|Ex_Lmx1b_Morc1_2,Zeng|4294
Macosko|Ex_Lmx1b_Ptgfr,Zeng|2770
Macosko|Ex_Lmx1b_Scn5a_1,Zeng|4819
Macosko|Ex_Lmx1b_Scn5a_2,Zeng|4838
Macosko|Ex_Lmx1b_Scn5a_3,Zeng|4298
Macosko|Ex_Lmx1b_Tmem100_1,Zeng|24689
Macosko|Ex_Lmx1b_Unc5cl_2,Zeng|4228
Macosko|Ex_Lypd6b_Dipk1c_2,Zeng|5107
Macosko|Ex_Maff_Atf3_1,Zeng|2145
Macosko|Ex_Neurod6_Dnah11_3,Zeng|4850
Macosko|Ex_Neurod6_Dnah11_8,Zeng|4733
Macosko|Ex_Neurod6_E130114P18Rik,Zeng|485
Macosko|Ex_Neurod6_Fam83b,Zeng|4848
Macosko|Ex_Neurod6_Fn1_2,Zeng|4837
Macosko|Ex_Neurod6_Pou4f3_2,Zeng|4814
Macosko|Ex_Nkx2-1_Nppb,Zeng|2826
Macosko|Ex_Nkx2-1_Otp_2,Zeng|24658
Macosko|Ex_Nkx2-1_Pmch_2,Zeng|2134
Macosko|Ex_Nkx2-2_Grp_1,Zeng|2447
Macosko|Ex_Nkx2-2_Robo3_1,Zeng|2163
Macosko|Ex_Nkx2-4_Calcr_3,Zeng|2430
Macosko|Ex_Nkx2-4_Calcr_8,Zeng|2431
Macosko|Ex_Nkx2-4_Ednra_2,Zeng|2324
Macosko|Ex_Nkx2-4_Grpr_2,Zeng|2439
Macosko|Ex_Nkx2-4_Grpr_5,Zeng|2428
Macosko|Ex_Nkx2-4_Ppp1r17_2,Zeng|2321
Macosko|Ex_Nkx2-4_Spp1_3,Zeng|2138
Macosko|Ex_Nkx6-1_Atp6v1c2,Zeng|2149
Macosko|Ex_Nkx6-1_Gucy2c_3,Zeng|3775
Macosko|Ex_Nkx6-1_Nccrp1_1,Zeng|2182
Macosko|Ex_Nkx6-1_Pax8_2,Zeng|3030
Macosko|Ex_Nkx6-1_Shisal2b,Zeng|2161
Macosko|Ex_Nkx6-1_Vsx2_1,Zeng|3029
Macosko|Ex_Nkx6-1_Vsx2_2,Zeng|3086
Macosko|Ex_Nkx6-1_Vsx2_3,Zeng|3067
Macosko|Ex_Nxph4_Arhgap36,Zeng|4474
Macosko|Ex_Nxph4_Chodl_2,Zeng|4574
Macosko|Ex_Nxph4_Hpgd,Zeng|4572
Macosko|Ex_Nxph4_Krt73,Zeng|4757
Macosko|Ex_Nxph4_Megf6,Zeng|43
Macosko|Ex_Nxph4_Moxd1_Igfbp4,Zeng|30
Macosko|Ex_Nxph4_Olfr110_Crhr1,Zeng|38
Macosko|Ex_Nxph4_Twist1_2,Zeng|4528
Macosko|Ex_Nxph4_Zar1l_4,Zeng|4575
Macosko|Ex_Olig3_Bdkrb2,Zeng|4037
Macosko|Ex_Onecut2_Hmx3_Adamtsl3_2,Zeng|3847
Macosko|Ex_Onecut2_Hmx3_Trim6_3,Zeng|3838
Macosko|Ex_Onecut3_Bnc2,Zeng|1617
Macosko|Ex_Onecut3_Spag16_1,Zeng|1606
Macosko|Ex_Onecut3_Spag16_3,Zeng|1605
Macosko|Ex_Otx2_Sapcd1,Zeng|2265
Macosko|Ex_Pax2_Erfl_2,Zeng|24598
Macosko|Ex_Pax2_Mafb_2,Zeng|24597
Macosko|Ex_Pax5_Ggta1_2,Zeng|4283
Macosko|Ex_Pax5_Gng8,Zeng|2621
Macosko|Ex_Pax5_Lnp1_1,Zeng|4271
Macosko|Ex_Pax5_Npbwr1,Zeng|4267
Macosko|Ex_Pax5_Ucn3_2,Zeng|4269
Macosko|Ex_Pax6_Avpr1a_3,Zeng|24557
Macosko|Ex_Pax6_Avpr1a_6,Zeng|24561
Macosko|Ex_Pax6_Casp1,Zeng|24554
Macosko|Ex_Pax6_Otx1_2,Zeng|2302
Macosko|Ex_Pax6_Otx1_3,Zeng|2310
Macosko|Ex_Pax6_Pappa2_2,Zeng|2306
Macosko|Ex_Pax6_Pgr15l_1,Zeng|2179
Macosko|Ex_Pax6_Qrfprl_2,Zeng|4701
Macosko|Ex_Pax6_Scgn,Zeng|4842
Macosko|Ex_Pax6_Serpinb11,Zeng|2304
Macosko|Ex_Pax6_Slc5a7_2,Zeng|2301
Macosko|Ex_Pax6_Them7,Zeng|1128
Macosko|Ex_Pax6_Vgll3_1,Zeng|2305
Macosko|Ex_Pax8_Sfrp1,Zeng|24416
Macosko|Ex_Pax8_Tnfrsf8,Zeng|3063
Macosko|Ex_Phox2_4930469K13Rik,Zeng|3884
Macosko|Ex_Phox2a_Cyp26b1_1,Zeng|3939
Macosko|Ex_Phox2a_Cyp26b1_2,Zeng|3938
Macosko|Ex_Phox2a_Qrfpr,Zeng|3956
Macosko|Ex_Phox2b_Abcc6,Zeng|3947
Macosko|Ex_Phox2b_Adam33_2,Zeng|3909
Macosko|Ex_Phox2b_Adora2a,Zeng|3963
Macosko|Ex_Phox2b_Bmp3_2,Zeng|4312
Macosko|Ex_Phox2b_Bmp3_3,Zeng|4263
Macosko|Ex_Phox2b_Chrna5_3,Zeng|3889
Macosko|Ex_Phox2b_Clca3a2,Zeng|3949
Macosko|Ex_Phox2b_Col6a5,Zeng|3890
Macosko|Ex_Phox2b_Cyp26b1_3,Zeng|4316
Macosko|Ex_Phox2b_Dbh_1,Zeng|3953
Macosko|Ex_Phox2b_Dbh_4,Zeng|3951
Macosko|Ex_Phox2b_Dbh_5,Zeng|3958
Macosko|Ex_Phox2b_Ddc,Zeng|3875
Macosko|Ex_Phox2b_Ddit4l,Zeng|3882
Macosko|Ex_Phox2b_Dkk2_3,Zeng|3943
Macosko|Ex_Phox2b_Dpy19l2,Zeng|3920
Macosko|Ex_Phox2b_Frem2,Zeng|4019
Macosko|Ex_Phox2b_Gch1,Zeng|3961
Macosko|Ex_Phox2b_Ghrh_1,Zeng|3793
Macosko|Ex_Phox2b_Ghsr_2,Zeng|3950
Macosko|Ex_Phox2b_Hgf,Zeng|3918
Macosko|Ex_Phox2b_Hhip_2,Zeng|3957
Macosko|Ex_Phox2b_Igfbpl1_5,Zeng|4320
Macosko|Ex_Phox2b_Mdfic2_6,Zeng|2782
Macosko|Ex_Phox2b_Npb,Zeng|3873
Macosko|Ex_Phox2b_Nptx2,Zeng|4015
Macosko|Ex_Phox2b_Olfr560,Zeng|3960
Macosko|Ex_Phox2b_Olfr560_1,Zeng|3970
Macosko|Ex_Phox2b_Olig3_3,Zeng|4314
Macosko|Ex_Phox2b_Pdyn_5,Zeng|3905
Macosko|Ex_Phox2b_Plscr4,Zeng|4306
Macosko|Ex_Phox2b_Prrxl1,Zeng|4308
Macosko|Ex_Phox2b_Sall1,Zeng|2780
Macosko|Ex_Phox2b_Six2_3,Zeng|4304
Macosko|Ex_Phox2b_Six2_5,Zeng|4300
Macosko|Ex_Phox2b_Slc10a4,Zeng|24412
Macosko|Ex_Phox2b_Slc39a12_1,Zeng|3923
Macosko|Ex_Phox2b_Slc39a12_2,Zeng|3921
Macosko|Ex_Phox2b_Slc39a12_3,Zeng|3919
Macosko|Ex_Phox2b_Slc39a12_5,Zeng|3924
Macosko|Ex_Phox2b_Slc39a12_6,Zeng|4220
Macosko|Ex_Phox2b_Slc6a2,Zeng|3874
Macosko|Ex_Phox2b_Tmem100,Zeng|3954
Macosko|Ex_Phox2b_Vmn1r196,Zeng|4318
Macosko|Ex_Phox2b_Zbbx_Nts_1,Zeng|3930
Macosko|Ex_Phox2b_Zbbx_Nts_2,Zeng|3916
Macosko|Ex_Pitx1_Nts,Zeng|4978
Macosko|Ex_Pitx2_Col6a5,Zeng|5005
Macosko|Ex_Pitx2_Gm7271,Zeng|5003
Macosko|Ex_Pitx2_Lamp3_3,Zeng|4987
Macosko|Ex_Pitx2_Odad2_1,Zeng|2226
Macosko|Ex_Pitx2_Zbtb7c_4,Zeng|3081
Macosko|Ex_Pitx2_Zbtb7c_5,Zeng|3071
Macosko|Ex_Plcg2_Ret_1,Zeng|1
Macosko|Ex_Plcg2_Ret_2,Zeng|2
Macosko|Ex_Plcg2_Traf1_1,Zeng|4
Macosko|Ex_Plekhg1_Adamtsl3_Slc17a8_1,Zeng|5044
Macosko|Ex_Plekhg1_Col27a1_C1ql2_1,Zeng|5020
Macosko|Ex_Plekhg1_Col27a1_Calca,Zeng|5104
Macosko|Ex_Plekhg1_Col27a1_Egflam_1,Zeng|5043
Macosko|Ex_Plekhg1_Col27a1_Egflam_2,Zeng|5037
Macosko|Ex_Plekhg1_Epha1_Cd44_1,Zeng|5036
Macosko|Ex_Plekhg1_Epha1_Cd44_2,Zeng|5038
Macosko|Ex_Plekhg1_Epha1_Slc17a8_1,Zeng|5049
Macosko|Ex_Plekhg1_Fign_C6,Zeng|5053
Macosko|Ex_Plekhg1_Fign_Ppp1r3a_3,Zeng|5051
Macosko|Ex_Plekhg1_Fign_Tnnt1_1,Zeng|5071
Macosko|Ex_Plekhg1_Fign_Tnnt1_2,Zeng|5075
Macosko|Ex_Plekhg1_Nox4_Kcp_1,Zeng|5125
Macosko|Ex_Plekhg1_Nox4_Kcp_2,Zeng|5127
Macosko|Ex_Plekhg1_Nox4_Kcp_3,Zeng|5122
Macosko|Ex_Plekhg1_Nox4_Ros1,Zeng|5124
Macosko|Ex_Plekhg1_Pth2r_Frem3_1,Zeng|5032
Macosko|Ex_Plekhg1_Pth2r_Frem3_2,Zeng|5057
Macosko|Ex_Plekhg1_Pth2r_Frem3_4,Zeng|5030
Macosko|Ex_Plekhg1_Pth2r_Rxfp1_1,Zeng|5045
Macosko|Ex_Plekhg1_Pth2r_Slc17a8,Zeng|5089
Macosko|Ex_Plekhg1_Tspear_C6_1,Zeng|5050
Macosko|Ex_Pou4f1_A2m,Zeng|3674
Macosko|Ex_Pou4f1_Abcc9_3,Zeng|3683
Macosko|Ex_Pou4f1_Cdh3_Lpar1,Zeng|2910
Macosko|Ex_Pou4f1_Crabp1_1,Zeng|24580
Macosko|Ex_Pou4f1_Fads2b_2,Zeng|2885
Macosko|Ex_Pou4f1_Insrr,Zeng|2909
Macosko|Ex_Pou4f1_Meis1_2,Zeng|4518
Macosko|Ex_Pou4f1_Phex,Zeng|4685
Macosko|Ex_Pou4f1_Ppp1r1c_2,Zeng|24586
Macosko|Ex_Pou4f1_Rspo2,Zeng|3630
Macosko|Ex_Pou4f1_Uaca,Zeng|4646
Macosko|Ex_Pou4f2_Grpr,Zeng|4892
Macosko|Ex_Pou4f2_Hpse2_3,Zeng|4810
Macosko|Ex_Pou4f2_Olfr560_1,Zeng|3964
Macosko|Ex_Pou4f2_St14_3,Zeng|4672
Macosko|Ex_Pou4f2_Sult3a2_11,Zeng|4909
Macosko|Ex_Pou4f2_Sult3a2_12,Zeng|4886
Macosko|Ex_Pou4f2_Sult3a2_4,Zeng|4884
Macosko|Ex_Pou4f2_Trim21,Zeng|4676
Macosko|Ex_Pou4f3_Defb1_2,Zeng|4869
Macosko|Ex_Pou4f3_Ppp1r17_1,Zeng|4863
Macosko|Ex_Pou4f3_Slc7a11,Zeng|4532
Macosko|Ex_Pou4f3_Wfdc10_2,Zeng|4859
Macosko|Ex_Prox1_Bhlhe23_1,Zeng|4839
Macosko|Ex_Prox1_Bhlhe23_2,Zeng|4844
Macosko|Ex_Prox1_Cmbl,Zeng|4712
Macosko|Ex_Prox1_Ltbp1,Zeng|4865
Macosko|Ex_Rorb_Cbln1_Susd5,Zeng|145
Macosko|Ex_Rorb_Endou_2,Zeng|188
Macosko|Ex_Rorb_Fn1_Inhbb,Zeng|165
Macosko|Ex_Rorb_Naaa11_Aldh1l1,Zeng|176
Macosko|Ex_Rorb_Ovol2,Zeng|102
Macosko|Ex_Rorb_Ptpn20,Zeng|261
Macosko|Ex_Rorb_Scn5a,Zeng|115
Macosko|Ex_Sall1_Fgf7_1,Zeng|4998
Macosko|Ex_Sall1_Lrrc38_1,Zeng|4993
Macosko|Ex_Sall1_Lrrc38_2,Zeng|4994
Macosko|Ex_Sall3_Cd44_1,Zeng|2833
Macosko|Ex_Sall3_Cd44_2,Zeng|2822
Macosko|Ex_Sall3_Efemp1_2,Zeng|4986
Macosko|Ex_Samd3_Chrna2,Zeng|2739
Macosko|Ex_Samd3_Emx2_1,Zeng|2749
Macosko|Ex_Samd3_Emx2_4,Zeng|2730
Macosko|Ex_Samd3_Emx2_5,Zeng|2690
Macosko|Ex_Samd3_Lama4,Zeng|2692
Macosko|Ex_Samd3_Npsr1_3,Zeng|2746
Macosko|Ex_Samd3_Slc38a11_1,Zeng|2745
Macosko|Ex_Sim1_Abcc9_2,Zeng|2116
Macosko|Ex_Sim1_Adgb_1,Zeng|2492
Macosko|Ex_Sim1_Aox3_2,Zeng|2474
Macosko|Ex_Sim1_C1ql1,Zeng|298
Macosko|Ex_Sim1_Cartpt,Zeng|2462
Macosko|Ex_Sim1_Cd34_3,Zeng|2497
Macosko|Ex_Sim1_Crh_3,Zeng|2471
Macosko|Ex_Sim1_Dnah8_Oxt,Zeng|2465
Macosko|Ex_Sim1_Foxb1,Zeng|2137
Macosko|Ex_Sim1_Ghrh,Zeng|2476
Macosko|Ex_Sim1_Ghrh_1,Zeng|2470
Macosko|Ex_Sim1_Ghrh_3,Zeng|2473
Macosko|Ex_Sim1_Nkx2-2_1,Zeng|2165
Macosko|Ex_Sim1_Nkx2-2_Asb4_5,Zeng|2529
Macosko|Ex_Sim1_Otp_1,Zeng|2438
Macosko|Ex_Sim1_Otp_2,Zeng|2449
Macosko|Ex_Sim1_Otp_3,Zeng|2454
Macosko|Ex_Sim1_Otp_5,Zeng|2432
Macosko|Ex_Sim1_Pitx2_3,Zeng|2361
Macosko|Ex_Sim1_Pla2r1,Zeng|2466
Macosko|Ex_Sim1_Sim2,Zeng|2452
Macosko|Ex_Sim1_Slc10a6_1,Zeng|2426
Macosko|Ex_Sim1_Trh_10,Zeng|2494
Macosko|Ex_Sim1_Trh_11,Zeng|2501
Macosko|Ex_Sim1_Trh_2,Zeng|2499
Macosko|Ex_Sim1_Ucn3_3,Zeng|2516
Macosko|Ex_Skor1_Calr4,Zeng|2722
Macosko|Ex_Skor1_Emx2_1,Zeng|2704
Macosko|Ex_Skor1_Emx2_2,Zeng|2711
Macosko|Ex_Skor1_Kdr_4,Zeng|2680
Macosko|Ex_Skor1_Slc17a8_1,Zeng|2725
Macosko|Ex_Skor1_Slc17a8_2,Zeng|2723
Macosko|Ex_Skor1_Slc5a7_2,Zeng|2740
Macosko|Ex_Skor1_Ucn3,Zeng|2696
Macosko|Ex_Slc12a7_Krt19,Zeng|2252
Macosko|Ex_Slc12a7_Odad1_1,Zeng|2266
Macosko|Ex_Slc12a7_Odad1_2,Zeng|2264
Macosko|Ex_Slc12a7_Sp110,Zeng|2262
Macosko|Ex_Slc30a3_Adrb2,Zeng|270
Macosko|Ex_Slc30a3_Best3_4,Zeng|206
Macosko|Ex_Slc30a3_Cdc14a,Zeng|300
Macosko|Ex_Slc30a3_Cfap58,Zeng|302
Macosko|Ex_Slc30a3_Cfap58_Trhr,Zeng|301
Macosko|Ex_Slc30a3_Col6a1,Zeng|140
Macosko|Ex_Slc30a3_Crlf1_1,Zeng|288
Macosko|Ex_Slc30a3_Otof,Zeng|232
Macosko|Ex_Slc30a3_P2rx6,Zeng|299
Macosko|Ex_Slc30a3_Shisa8_1,Zeng|314
Macosko|Ex_Slc30a3_Shisa8_7,Zeng|317
Macosko|Ex_Slc30a3_Ssmem1_1,Zeng|272
Macosko|Ex_Slc30a3_Sulf1_Aprk1,Zeng|141
Macosko|Ex_Slc30a3_Syndig1l,Zeng|260
Macosko|Ex_Slc30a3_Vgll3,Zeng|457
Macosko|Ex_Sln_Niban1,Zeng|2869
Macosko|Ex_Sln_Pde1a,Zeng|2867
Macosko|Ex_Sln_Sost_1,Zeng|2866
Macosko|Ex_Sox6_Edn1_2,Zeng|4652
Macosko|Ex_Sox6_Plscr5_2,Zeng|4911
Macosko|Ex_Sox6_Prom1,Zeng|4874
Macosko|Ex_Sox6_Rbm47,Zeng|4875
Macosko|Ex_Sox6_Sult3a2_3,Zeng|4880
Macosko|Ex_Sox6_Ttc29_2,Zeng|4876
Macosko|Ex_Sulf1_Agtr1b,Zeng|149
Macosko|Ex_Sulf1_Agtr1b_Fos,Zeng|119
Macosko|Ex_Tcf24_Dnajc22,Zeng|24686
Macosko|Ex_Tcf7l2_Adamtsl3_Slc38a11_2,Zeng|5094
Macosko|Ex_Tcf7l2_C1ql4_2,Zeng|3866
Macosko|Ex_Tcf7l2_Crym,Zeng|3739
Macosko|Ex_Tcf7l2_Fbln1_Mtnr1a,Zeng|5090
Macosko|Ex_Tcf7l2_Fbln1_Slc38a11_1,Zeng|5082
Macosko|Ex_Tcf7l2_Fbln1_Slc38a11_2,Zeng|5081
Macosko|Ex_Tcf7l2_Fbln1_St14,Zeng|5098
Macosko|Ex_Tcf7l2_Fbln1_Tead4_1,Zeng|5079
Macosko|Ex_Tcf7l2_Fbln1_Tead4_2,Zeng|5084
Macosko|Ex_Tcf7l2_Lhx2_Calca,Zeng|5147
Macosko|Ex_Tfap2b_Adam18,Zeng|4807
Macosko|Ex_Tfap2b_Bmpr1b_1,Zeng|4940
Macosko|Ex_Tfap2b_Bmpr1b_2,Zeng|4939
Macosko|Ex_Tfap2b_Bmpr1b_3,Zeng|4950
Macosko|Ex_Tfap2b_Calcr,Zeng|4485
Macosko|Ex_Tfap2b_Ccdc172_Calcr,Zeng|2778
Macosko|Ex_Tfap2b_Col4a5,Zeng|4936
Macosko|Ex_Tfap2b_Crh,Zeng|4481
Macosko|Ex_Tfap2b_Gsta2_1,Zeng|4736
Macosko|Ex_Tfap2b_Kcnmb1,Zeng|4479
Macosko|Ex_Tfap2b_Layn,Zeng|4488
Macosko|Ex_Tfap2b_Met_1,Zeng|4802
Macosko|Ex_Tfap2b_Met_2,Zeng|4806
Macosko|Ex_Tfap2b_Peizo2,Zeng|4945
Macosko|Ex_Tfap2b_Piezo2_3,Zeng|4942
Macosko|Ex_Tfap2b_Ppp1r1c_1,Zeng|4934
Macosko|Ex_Tfap2b_Ramp3_1,Zeng|4677
Macosko|Ex_Tfap2b_Ramp3_5,Zeng|4662
Macosko|Ex_Tfap2b_Rxfp2_4,Zeng|4925
Macosko|Ex_Tfap2b_Saa1,Zeng|4470
Macosko|Ex_Tfap2b_Sult3a2_5,Zeng|4949
Macosko|Ex_Tfap2b_Tstd1_2,Zeng|4946
Macosko|Ex_Tfap2b_Vmn1r196,Zeng|4805
Macosko|Ex_Tfap2d_Atp6ap1l_1,Zeng|4561
Macosko|Ex_Tfap2d_Casq2,Zeng|4591
Macosko|Ex_Tfap2d_Crhr2_2,Zeng|4580
Macosko|Ex_Tfap2d_Crhr2_3,Zeng|4581
Macosko|Ex_Tfap2d_Ctsc,Zeng|4595
Macosko|Ex_Tfap2d_Emid1_1,Zeng|4881
Macosko|Ex_Tfap2d_Emid1_2,Zeng|4882
Macosko|Ex_Tfap2d_Npffr1_2,Zeng|4559
Macosko|Ex_Tfap2d_Pirt_3,Zeng|4734
Macosko|Ex_Tfap2d_Pou4f2,Zeng|4804
Macosko|Ex_Tfap2d_Sema3d_4,Zeng|4731
Macosko|Ex_Tfap2d_Snorc_1,Zeng|4995
Macosko|Ex_Tlx1_Crocc2_5,Zeng|3800
Macosko|Ex_Tlx1_Crocc2_6,Zeng|24523
Macosko|Ex_Tlx1_Kntc1,Zeng|4257
Macosko|Ex_Tlx1_Tmem215_3,Zeng|3794
Macosko|Ex_Trabd2b_Slc30a3_Atp8b1,Zeng|488
Macosko|Ex_Trabd2b_Slc30a3_Col13a1,Zeng|463
Macosko|Ex_Trabd2b_Slc30a3_Trh_1,Zeng|257
Macosko|Ex_Trabd2b_Slc30a3_Vgll3,Zeng|453
Macosko|Ex_Vcan_Crh,Zeng|4699
Macosko|Ex_Vsx2_Apbb1ip,Zeng|3049
Macosko|Ex_Vsx2_C1ql2_1,Zeng|3048
Macosko|Ex_Vsx2_Cdc42ep5,Zeng|3021
Macosko|Ex_Vsx2_Col15a1,Zeng|3023
Macosko|Ex_Vsx2_Col2a1,Zeng|3046
Macosko|Ex_Vsx2_Ghrh_1,Zeng|3110
Macosko|Ex_Vsx2_Ghrh_2,Zeng|3103
Macosko|Ex_Vsx2_Ghrh_3,Zeng|3099
Macosko|Ex_Vsx2_Igfbp4_2,Zeng|3038
Macosko|Ex_Vsx2_Igfbp4_3,Zeng|3060
Macosko|Ex_Vsx2_Lhx4_1,Zeng|3053
Macosko|Ex_Vsx2_Lhx4_3,Zeng|3042
Macosko|Ex_Vsx2_Lhx4_5,Zeng|3045
Macosko|Ex_Vsx2_Nkx6-3_1,Zeng|24411
Macosko|Ex_Vsx2_Slc38a11,Zeng|3061
Macosko|Ex_Vsx2_Sp8,Zeng|3112
Macosko|Ex_Vsx2_Tspo2_2,Zeng|3097
Macosko|Ex_Zic1_Bhlhe23,Zeng|4840
Macosko|Ex_Zic1_Slc38a4,Zeng|4729
Macosko|Fibro_Eya2_Aox3,Zeng|5263
Macosko|Fibro_Eya2_Dapl1,Zeng|5258
Macosko|Fibro_Eya2_Slc47a1_1,Zeng|5256
Macosko|Granulocyte_Ly6g_Retnlg,Zeng|5276
Macosko|Inh_Bhlhe22_Cdh23_1,Zeng|3851
Macosko|Inh_Bhlhe22_Chrna2,Zeng|3858
Macosko|Inh_Clic4_Ano3_3,Zeng|933
Macosko|Inh_Clic4_Ano3_4,Zeng|922
Macosko|Inh_Cobll1_Heg1,Zeng|1356
Macosko|Inh_Creb5_Ror1_1,Zeng|1381
Macosko|Inh_Creb5_Ror1_2,Zeng|1379
Macosko|Inh_Dlk1_Apbb1ip_1,Zeng|34187
Macosko|Inh_Dlk1_Asb4_1,Zeng|3243
Macosko|Inh_Dlx1_Dock5_2,Zeng|1455
Macosko|Inh_Dlx1_Six3,Zeng|1759
Macosko|Inh_Dmbx1_Car8,Zeng|3564
Macosko|Inh_Dmbx1_Fam83b,Zeng|4398
Macosko|Inh_Dmbx1_Gcnt4,Zeng|3557
Macosko|Inh_Dmbx1_Hpse2_1,Zeng|3562
Macosko|Inh_Dmbx1_Slc34a2_3,Zeng|4396
Macosko|Inh_Dmbx1_Sox2_2,Zeng|3558
Macosko|Inh_Dmbx1_Tacr3_2,Zeng|3565
Macosko|Inh_Dmbx1_Tacr3_3,Zeng|3571
Macosko|Inh_Dmbx1_Tnnt1_1,Zeng|3572
Macosko|Inh_Dmbx1_Tnnt1_2,Zeng|3573
Macosko|Inh_Ebf2_Stc1_2,Zeng|2976
Macosko|Inh_Ecel1_Asb4_1,Zeng|877
Macosko|Inh_Ecel1_Asb4_2,Zeng|885
Macosko|Inh_Ecel1_Chodl,Zeng|1814
Macosko|Inh_Ecel1_Pon3,Zeng|900
Macosko|Inh_Emx2_Foxa2_5,Zeng|34186
Macosko|Inh_Emx2_Il20ra_1,Zeng|3501
Macosko|Inh_Emx2_Il20ra_2,Zeng|3519
Macosko|Inh_Emx2_Irx4,Zeng|3506
Macosko|Inh_Emx2_Qrfprl,Zeng|3310
Macosko|Inh_Emx2_Tfap2a,Zeng|3172
Macosko|Inh_Esr2_Avp_2,Zeng|1523
Macosko|Inh_Etv3l_Erfl_1,Zeng|2937
Macosko|Inh_Fbxl7_9130008F23Rik,Zeng|3995
Macosko|Inh_Fbxl7_Ankrd1,Zeng|4106
Macosko|Inh_Fbxl7_C7,Zeng|4013
Macosko|Inh_Fbxl7_Crabp1_1,Zeng|3843
Macosko|Inh_Fbxl7_Cyp11b1,Zeng|4130
Macosko|Inh_Fbxl7_Cyp26b1_3,Zeng|3985
Macosko|Inh_Fbxl7_Nccrp1,Zeng|2172
Macosko|Inh_Fbxl7_Npsr1,Zeng|4086
Macosko|Inh_Fbxl7_Pkhd1l1,Zeng|4052
Macosko|Inh_Fbxl7_Stpg2_1,Zeng|4123
Macosko|Inh_Foxa2_Ano1,Zeng|3149
Macosko|Inh_Foxa2_Upp1_2,Zeng|3349
Macosko|Inh_Foxa2_Upp1_3,Zeng|3345
Macosko|Inh_Foxd3_Gm525_2,Zeng|3707
Macosko|Inh_Foxd3_Pappa2_1,Zeng|34182
Macosko|Inh_Foxd3_Sp9,Zeng|24713
Macosko|Inh_Foxl3_Apela,Zeng|34197
Macosko|Inh_Foxp2_Bmp3_4,Zeng|4404
Macosko|Inh_Foxp2_Drd3_1,Zeng|3850
Macosko|Inh_Foxp2_Fst_2,Zeng|3711
Macosko|Inh_Foxp2_Lbhd2_1,Zeng|2949
Macosko|Inh_Foxp2_Npy_1,Zeng|3712
Macosko|Inh_Foxp2_Pdlim3_1,Zeng|4361
Macosko|Inh_Foxp2_Sox2_2,Zeng|3201
Macosko|Inh_Foxp2_Sox2_3,Zeng|3207
Macosko|Inh_Foxp2_Sox2_4,Zeng|2961
Macosko|Inh_Foxp2_Ssc5d_2,Zeng|3979
Macosko|Inh_Foxp2_Tmem233_1,Zeng|3974
Macosko|Inh_Foxp2_Tmem233_3,Zeng|3977
Macosko|Inh_Foxp4_Bnc2,Zeng|1839
Macosko|Inh_Frm7_Otop1_2,Zeng|1286
Macosko|Inh_Frmd7_Ano2_1,Zeng|1332
Macosko|Inh_Frmd7_Ano2_2,Zeng|1329
Macosko|Inh_Frmd7_Col12a1,Zeng|1354
Macosko|Inh_Frmd7_Crhbp_2,Zeng|1307
Macosko|Inh_Frmd7_Crhbp_3,Zeng|1300
Macosko|Inh_Frmd7_Edaradd,Zeng|1353
Macosko|Inh_Frmd7_Emp2_1,Zeng|1389
Macosko|Inh_Frmd7_Fos,Zeng|1336
Macosko|Inh_Frmd7_Hgf_1,Zeng|1395
Macosko|Inh_Frmd7_Hgf_2,Zeng|1391
Macosko|Inh_Frmd7_Hgf_3,Zeng|1396
Macosko|Inh_Frmd7_Lamp5,Zeng|1319
Macosko|Inh_Frmd7_Ltbp2_1,Zeng|1325
Macosko|Inh_Frmd7_Ltbp2_2,Zeng|1323
Macosko|Inh_Frmd7_Ltbp2_3,Zeng|1324
Macosko|Inh_Frmd7_Mgam,Zeng|1337
Macosko|Inh_Frmd7_Ror1,Zeng|1316
Macosko|Inh_Frmd7_Sema3c,Zeng|1334
Macosko|Inh_Frmd7_Slc17a8,Zeng|1378
Macosko|Inh_Frmd7_Slc26a7_1,Zeng|1315
Macosko|Inh_Frmd7_Tpbg,Zeng|1306
Macosko|Inh_Frmd7_Trhr_1,Zeng|1312
Macosko|Inh_Frmd7_Trhr_4,Zeng|1308
Macosko|Inh_Frmd7_Trhr_6,Zeng|1311
Macosko|Inh_Frmd7_Zim1,Zeng|1284
Macosko|Inh_Gata3_Areg_1,Zeng|3203
Macosko|Inh_Gata3_Areg_2,Zeng|3215
Macosko|Inh_Gata3_Chrna5,Zeng|3240
Macosko|Inh_Gata3_Crhbp_1,Zeng|3147
Macosko|Inh_Gata3_Lrrc38,Zeng|3337
Macosko|Inh_Gata3_Mmrn1_2,Zeng|3168
Macosko|Inh_Gata3_Msx1_4,Zeng|34164
Macosko|Inh_Gata3_Nkx2-2_Cfap100_2,Zeng|3287
Macosko|Inh_Gata3_Nkx2-2_Cfap100_3,Zeng|3294
Macosko|Inh_Gata3_Npffr1_Ntsr1,Zeng|3208
Macosko|Inh_Gata3_Nptx2_2,Zeng|24710
Macosko|Inh_Gata3_Npy2r_1,Zeng|34139
Macosko|Inh_Gata3_Otx1_Pdlim3_2,Zeng|3136
Macosko|Inh_Gata3_Pdlim3_2,Zeng|3467
Macosko|Inh_Gata3_Pdlim3_4,Zeng|3158
Macosko|Inh_Gata3_Pdlim3_5,Zeng|3125
Macosko|Inh_Gata3_Qrfpr_2,Zeng|34316
Macosko|Inh_Gata3_Rln3_4,Zeng|3204
Macosko|Inh_Gata3_Sall1_4,Zeng|34178
Macosko|Inh_Gata3_Sall1_9,Zeng|3239
Macosko|Inh_Gata3_Sox14_3,Zeng|3188
Macosko|Inh_Gata3_Sp9_1,Zeng|3224
Macosko|Inh_Gata3_Sp9_2,Zeng|3222
Macosko|Inh_Gata3_Tnc_2,Zeng|34188
Macosko|Inh_Gata3_Tnni3_2,Zeng|8796
Macosko|Inh_Gata3_Tnnt1_3,Zeng|3226
Macosko|Inh_Gata3_Ucn3,Zeng|3166
Macosko|Inh_Gbx1_Atp8b1_2,Zeng|833
Macosko|Inh_Gbx1_Atp8b1_9,Zeng|839
Macosko|Inh_Gbx1_Htr1a_10,Zeng|750
Macosko|Inh_Gbx1_Htr1a_7,Zeng|749
Macosko|Inh_Gbx2_Chrna5_4,Zeng|34177
Macosko|Inh_Hoxa5_Dmkn,Zeng|4014
Macosko|Inh_Hoxa5_Galr1_3,Zeng|4003
Macosko|Inh_Hoxb5_C1ql2_1,Zeng|34338
Macosko|Inh_Hoxb5_Dmrt3_1,Zeng|34138
Macosko|Inh_Hoxb5_Ikzf1,Zeng|34292
Macosko|Inh_Hoxb5_Qrfpr_3,Zeng|34143
Macosko|Inh_Hoxc4_Abcc9_1,Zeng|4390
Macosko|Inh_Hoxc4_Abcc9_4,Zeng|4389
Macosko|Inh_Hoxc4_Chrdl2_1,Zeng|4382
Macosko|Inh_Hoxc4_Chrdl2_2,Zeng|4384
Macosko|Inh_Hoxc4_Chrdl2_3,Zeng|4381
Macosko|Inh_Hoxc4_Chrdl2_7,Zeng|4359
Macosko|Inh_Hoxc4_F5_1,Zeng|4392
Macosko|Inh_Hoxc4_Fbln2_1,Zeng|4387
Macosko|Inh_Hoxc4_Fbln2_3,Zeng|4393
Macosko|Inh_Hoxc4_Hhip,Zeng|4370
Macosko|Inh_Hoxc4_Ttc6_3,Zeng|4364
Macosko|Inh_Hoxc4_Ttc6_5,Zeng|4383
Macosko|Inh_Htr3a_Cxcl14_1,Zeng|657
Macosko|Inh_Htr3a_Cxcl14_2,Zeng|707
Macosko|Inh_Htr3a_Grpr_2,Zeng|670
Macosko|Inh_Htr3a_Grpr_3,Zeng|645
Macosko|Inh_Htr3a_Ibsp_2,Zeng|676
Macosko|Inh_Htr3a_Ibsp_3,Zeng|674
Macosko|Inh_Htr3a_Ibsp_6,Zeng|672
Macosko|Inh_Htr3a_Nr2e1_1,Zeng|686
Macosko|Inh_Htr3a_Pdzph1_2,Zeng|668
Macosko|Inh_Htr3a_Prok2,Zeng|671
Macosko|Inh_Htr3a_Prom1_2,Zeng|682
Macosko|Inh_Htr3a_Prom1_3,Zeng|697
Macosko|Inh_Htr3a_Prom1_4,Zeng|695
Macosko|Inh_Htr3a_Tcim_1,Zeng|694
Macosko|Inh_Irx4_Catspere1_4,Zeng|24746
Macosko|Inh_Irx5_Erfl_1,Zeng|2959
Macosko|Inh_Irx5_Tafa4_3,Zeng|2953
Macosko|Inh_Irx5_Tafa4_4,Zeng|2950
Macosko|Inh_Isl1_Drd1_Folh1_1,Zeng|1194
Macosko|Inh_Klhl14_Gpr101,Zeng|1291
Macosko|Inh_Lamp5_Egln3_Tgfbi,Zeng|710
Macosko|Inh_Lamp5_Ndnf_Fmo1_1,Zeng|705
Macosko|Inh_Lamp5_Ndnf_Prom1,Zeng|703
Macosko|Inh_Lamp5_Ndnf_Tac2,Zeng|708
Macosko|Inh_Lamp5_Ndnf_Tac2_Htr2c,Zeng|659
Macosko|Inh_Lamp5_Ndnf_Tgfbi,Zeng|709
Macosko|Inh_Lamp5_Tnnt1_1,Zeng|704
Macosko|Inh_Lhx1_Colq,Zeng|3278
Macosko|Inh_Lhx1_Crhbp,Zeng|3433
Macosko|Inh_Lhx1_Dach2_2,Zeng|3430
Macosko|Inh_Lhx1_Dach2_4,Zeng|3428
Macosko|Inh_Lhx1_Dlk1_2,Zeng|1696
Macosko|Inh_Lhx1_Dlk1_5,Zeng|1670
Macosko|Inh_Lhx1_Emx2_1,Zeng|3417
Macosko|Inh_Lhx1_Lrrc38_2,Zeng|3130
Macosko|Inh_Lhx1_Nkx2-4_3,Zeng|2061
Macosko|Inh_Lhx1_Npy,Zeng|3181
Macosko|Inh_Lhx1_Otx2_1,Zeng|1757
Macosko|Inh_Lhx6_Arhgap28_1,Zeng|549
Macosko|Inh_Lhx6_Arhgap28_2,Zeng|766
Macosko|Inh_Lhx6_Arhgap28_3,Zeng|1213
Macosko|Inh_Lhx6_Asb4,Zeng|1578
Macosko|Inh_Lhx6_Car8_8,Zeng|727
Macosko|Inh_Lhx6_Cav1_1,Zeng|825
Macosko|Inh_Lhx6_Ccdc172_2,Zeng|784
Macosko|Inh_Lhx6_Cox6a2_Nxph2_1,Zeng|612
Macosko|Inh_Lhx6_Crhbp_1,Zeng|579
Macosko|Inh_Lhx6_Crhbp_3,Zeng|774
Macosko|Inh_Lhx6_Cxcr4_6,Zeng|536
Macosko|Inh_Lhx6_Esr2_12,Zeng|1225
Macosko|Inh_Lhx6_Esr2_3,Zeng|1234
Macosko|Inh_Lhx6_Esr2_6,Zeng|1236
Macosko|Inh_Lhx6_Esr2_7,Zeng|1235
Macosko|Inh_Lhx6_Gpr174_1,Zeng|832
Macosko|Inh_Lhx6_Gpr174_2,Zeng|831
Macosko|Inh_Lhx6_Gpr179,Zeng|1248
Macosko|Inh_Lhx6_Iqca_4,Zeng|840
Macosko|Inh_Lhx6_Itgad,Zeng|1221
Macosko|Inh_Lhx6_Kcnmb1_1,Zeng|1251
Macosko|Inh_Lhx6_Kcnmb1_3,Zeng|1217
Macosko|Inh_Lhx6_Mc3r_2,Zeng|565
Macosko|Inh_Lhx6_Nkx2-4_4,Zeng|1684
Macosko|Inh_Lhx6_Nmu_4,Zeng|815
Macosko|Inh_Lhx6_Npy_1,Zeng|1252
Macosko|Inh_Lhx6_Npy_2,Zeng|1218
Macosko|Inh_Lhx6_Ntrk1,Zeng|785
Macosko|Inh_Lhx6_Pthlh,Zeng|572
Macosko|Inh_Lhx6_Sctr_1,Zeng|827
Macosko|Inh_Lhx6_Serpinb1b_1,Zeng|803
Macosko|Inh_Lhx6_Serpinb1b_2,Zeng|794
Macosko|Inh_Lhx6_Sfrp1_4,Zeng|763
Macosko|Inh_Lhx6_Sfrp1_6,Zeng|759
Macosko|Inh_Lhx6_Sst_Ccna1_3,Zeng|535
Macosko|Inh_Lhx6_Sst_Chodl_1,Zeng|767
Macosko|Inh_Lhx6_Sst_Crh_Baiap3,Zeng|557
Macosko|Inh_Lhx6_Sst_Crh_Pdzrn3,Zeng|554
Macosko|Inh_Lhx6_Sst_Crh_Shisa9,Zeng|555
Macosko|Inh_Lhx6_Sst_Crhr2_Fillip1,Zeng|495
Macosko|Inh_Lhx6_Sst_Crhr2_Stac,Zeng|513
Macosko|Inh_Lhx6_Sst_Ctsc_7,Zeng|539
Macosko|Inh_Lhx6_Sst_Ctsc_9,Zeng|538
Macosko|Inh_Lhx6_Sst_Ffar4,Zeng|503
Macosko|Inh_Lhx6_Sst_Hpse,Zeng|521
Macosko|Inh_Lhx6_Sst_Npffr1_Pcsk6,Zeng|540
Macosko|Inh_Lhx6_Sst_Prok2,Zeng|519
Macosko|Inh_Lhx6_Sst_Th_Elfn1,Zeng|546
Macosko|Inh_Lhx6_Sst_Th_Ephb1,Zeng|610
Macosko|Inh_Lhx6_Trh_1,Zeng|1655
Macosko|Inh_Lhx6_Vip,Zeng|837
Macosko|Inh_Lhx6_Vipr2,Zeng|614
Macosko|Inh_Lhx8_Arhgef38_8,Zeng|1591
Macosko|Inh_Lhx8_Efhb_1,Zeng|1555
Macosko|Inh_Lhx8_Lypd6,Zeng|1567
Macosko|Inh_Lhx8_Nmu,Zeng|1553
Macosko|Inh_Lhx8_Pde11a_2,Zeng|1559
Macosko|Inh_Lhx8_Pde11a_5,Zeng|1565
Macosko|Inh_Lhx8_Pde11a_6,Zeng|1558
Macosko|Inh_Lhx8_Rspo2,Zeng|1568
Macosko|Inh_Lhx8_Th_3,Zeng|1554
Macosko|Inh_Lmo7_Fbln1_2,Zeng|3991
Macosko|Inh_Meox2_Chodl,Zeng|2026
Macosko|Inh_Meox2_Sox14,Zeng|2029
Macosko|Inh_Nkx2-1_Antxr2,Zeng|755
Macosko|Inh_Nkx2-1_Asb,Zeng|883
Macosko|Inh_Nkx2-1_Gm8113_2,Zeng|730
Macosko|Inh_Nkx2-1_Sst_2,Zeng|563
Macosko|Inh_Nkx2-1_Sytl4_1,Zeng|897
Macosko|Inh_Nkx2-2_Bcam_3,Zeng|3476
Macosko|Inh_Nkx2-2_Clic5,Zeng|3348
Macosko|Inh_Nkx2-2_Ecel1_1,Zeng|3400
Macosko|Inh_Nkx2-2_Efhb_2,Zeng|1652
Macosko|Inh_Nkx2-2_Gata2_1,Zeng|3387
Macosko|Inh_Nkx2-2_Gata2_3,Zeng|3403
Macosko|Inh_Nkx2-2_Gata2_4,Zeng|3175
Macosko|Inh_Nkx2-2_Glp1r_Trh_2,Zeng|3405
Macosko|Inh_Nkx2-2_Gm16223_1,Zeng|1646
Macosko|Inh_Nkx2-2_Gm16223_2,Zeng|1657
Macosko|Inh_Nkx2-2_Itgb6,Zeng|3483
Macosko|Inh_Nkx2-2_Mc4r_3,Zeng|3486
Macosko|Inh_Nkx2-2_Nxph2,Zeng|3406
Macosko|Inh_Nkx2-2_Oxtr_2,Zeng|3179
Macosko|Inh_Nkx2-2_Ppp1r17,Zeng|1653
Macosko|Inh_Nkx2-2_Prrxl1,Zeng|3186
Macosko|Inh_Nkx2-2_Slc26a7_1,Zeng|3339
Macosko|Inh_Nkx2-2_Trh_2,Zeng|3409
Macosko|Inh_Nkx6-1_Cox8b,Zeng|3740
Macosko|Inh_Nkx6-1_Ikzf1,Zeng|3744
Macosko|Inh_Nrk_Kcnmb1_1,Zeng|9392
Macosko|Inh_Nrk_Kctd16,Zeng|9391
Macosko|Inh_Onecut1_Slc16a12,Zeng|3734
Macosko|Inh_Onecut3_Crabp1_1,Zeng|34363
Macosko|Inh_Otx1_Cd22,Zeng|3432
Macosko|Inh_Otx1_Cd36_3,Zeng|3156
Macosko|Inh_Otx1_Ppp1r3a,Zeng|3407
Macosko|Inh_Otx1_Sox14_3,Zeng|3123
Macosko|Inh_Otx1_Svs5_1,Zeng|3425
Macosko|Inh_Otx2_Bmp4_1,Zeng|3472
Macosko|Inh_Otx2_Bmp4_2,Zeng|3473
Macosko|Inh_Otx2_Bmp4_3,Zeng|3469
Macosko|Inh_Otx2_Cav1,Zeng|3609
Macosko|Inh_Otx2_Gabrr2_1,Zeng|3605
Macosko|Inh_Otx2_Gabrr2_2,Zeng|3611
Macosko|Inh_Otx2_Lmcd1,Zeng|1775
Macosko|Inh_Otx2_Ntrk1_1,Zeng|3470
Macosko|Inh_Otx2_Ntrk1_2,Zeng|3471
Macosko|Inh_Otx2_Pcp2,Zeng|3474
Macosko|Inh_Otx2_Pla2g5,Zeng|3556
Macosko|Inh_Otx2_Prdm16_3,Zeng|874
Macosko|Inh_Otx2_Prdm16_4,Zeng|1596
Macosko|Inh_Otx2_Prdm16_5,Zeng|1419
Macosko|Inh_Otx2_Prdm16_7,Zeng|1421
Macosko|Inh_Otx2_Samsn1_1,Zeng|3576
Macosko|Inh_Otx2_Tnnt1_1,Zeng|3592
Macosko|Inh_Otx2_Tnnt1_2,Zeng|3613
Macosko|Inh_Pax2_Abcg8,Zeng|4202
Macosko|Inh_Pax2_Agmo,Zeng|4089
Macosko|Inh_Pax2_Antxr2_2,Zeng|4033
Macosko|Inh_Pax2_Apela,Zeng|4347
Macosko|Inh_Pax2_Bmp3_2,Zeng|34376
Macosko|Inh_Pax2_Cckar,Zeng|3702
Macosko|Inh_Pax2_Cd40,Zeng|34200
Macosko|Inh_Pax2_Cdh3_1,Zeng|4449
Macosko|Inh_Pax2_Cdh3_2,Zeng|4450
Macosko|Inh_Pax2_Chrdl2_1,Zeng|4414
Macosko|Inh_Pax2_Chrdl2_2,Zeng|4413
Macosko|Inh_Pax2_Chrna6_3,Zeng|2159
Macosko|Inh_Pax2_Dmrt3_4,Zeng|34233
Macosko|Inh_Pax2_Dmrt3_7,Zeng|34337
Macosko|Inh_Pax2_Dpt,Zeng|4197
Macosko|Inh_Pax2_Erfl_4,Zeng|2940
Macosko|Inh_Pax2_Erfl_7,Zeng|2938
Macosko|Inh_Pax2_Erg,Zeng|9280
Macosko|Inh_Pax2_Fbln1,Zeng|4374
Macosko|Inh_Pax2_Fst_1,Zeng|3992
Macosko|Inh_Pax2_Fst_2,Zeng|3989
Macosko|Inh_Pax2_Ghrh,Zeng|3788
Macosko|Inh_Pax2_Glp1r_2,Zeng|4451
Macosko|Inh_Pax2_Glp1r_3,Zeng|4459
Macosko|Inh_Pax2_Gpr83,Zeng|34179
Macosko|Inh_Pax2_Gulo,Zeng|3757
Macosko|Inh_Pax2_Has2_1,Zeng|4201
Macosko|Inh_Pax2_Hmcn1,Zeng|34198
Macosko|Inh_Pax2_Hmga2_1,Zeng|24738
Macosko|Inh_Pax2_Hmga2_2,Zeng|34232
Macosko|Inh_Pax2_Hoxb5_Sh2d4a,Zeng|4032
Macosko|Inh_Pax2_Htr3a,Zeng|4469
Macosko|Inh_Pax2_Igfbp4,Zeng|4410
Macosko|Inh_Pax2_Igfbpl1_2,Zeng|34342
Macosko|Inh_Pax2_Irx4_1,Zeng|24711
Macosko|Inh_Pax2_Irx4_2,Zeng|34199
Macosko|Inh_Pax2_Kirrel2_1,Zeng|4208
Macosko|Inh_Pax2_Krt17_2,Zeng|4456
Macosko|Inh_Pax2_Lama4_2,Zeng|4198
Macosko|Inh_Pax2_Met_2,Zeng|4452
Macosko|Inh_Pax2_Nkx6-1_1,Zeng|24715
Macosko|Inh_Pax2_Olfr372_1,Zeng|4457
Macosko|Inh_Pax2_Oprk1,Zeng|34236
Macosko|Inh_Pax2_Pdyn,Zeng|4212
Macosko|Inh_Pax2_Pkhd1l1_2,Zeng|4030
Macosko|Inh_Pax2_Postn_2,Zeng|4433
Macosko|Inh_Pax2_Ppp1r1c_1,Zeng|34234
Macosko|Inh_Pax2_Ptgfr,Zeng|24725
Macosko|Inh_Pax2_Rxfp1_1,Zeng|4426
Macosko|Inh_Pax2_Sgo2b_1,Zeng|4138
Macosko|Inh_Pax2_Sgo2b_5,Zeng|4139
Macosko|Inh_Pax2_Sgo2b_6,Zeng|4140
Macosko|Inh_Pax2_Tfap2c_1,Zeng|4429
Macosko|Inh_Pax2_Tfap2c_2,Zeng|4430
Macosko|Inh_Pax2_Tnc,Zeng|4143
Macosko|Inh_Pax2_Tnfaip8l3_2,Zeng|4446
Macosko|Inh_Pax2_Tnfaip8l3_4,Zeng|4400
Macosko|Inh_Pax2_Tnnt2,Zeng|24741
Macosko|Inh_Pax2_Vgll3_15,Zeng|34349
Macosko|Inh_Pax2_Vgll3_18,Zeng|4352
Macosko|Inh_Pax3_Akr1c19,Zeng|3171
Macosko|Inh_Pax3_Drd1,Zeng|3252
Macosko|Inh_Pax3_Galnt15,Zeng|3411
Macosko|Inh_Pax3_Galr1,Zeng|3173
Macosko|Inh_Pax3_Igfbpl1_1,Zeng|3418
Macosko|Inh_Pax3_Igfbpl1_3,Zeng|3416
Macosko|Inh_Pax3_Moxd1,Zeng|3415
Macosko|Inh_Pax3_Npy,Zeng|3412
Macosko|Inh_Pax3_Svs5_1,Zeng|3420
Macosko|Inh_Pax3_Vmn1r207_1,Zeng|2999
Macosko|Inh_Pax3_Vmn1r207_12,Zeng|2929
Macosko|Inh_Pax3_Vmn1r207_2,Zeng|2985
Macosko|Inh_Pax3_Vmn1r207_3,Zeng|2989
Macosko|Inh_Pax3_Vmn1r207_4,Zeng|2988
Macosko|Inh_Pax3_Vmn1r207_5,Zeng|2986
Macosko|Inh_Pax3_Vmn1r207_7,Zeng|2984
Macosko|Inh_Pax5_Asb4_3,Zeng|3449
Macosko|Inh_Pax5_Asb4_5,Zeng|3117
Macosko|Inh_Pax5_Cmtm8_1,Zeng|3142
Macosko|Inh_Pax5_Gdf10_1,Zeng|3727
Macosko|Inh_Pax5_Gdf10_2,Zeng|3857
Macosko|Inh_Pax5_Il20ra,Zeng|3354
Macosko|Inh_Pax5_Irs4_3,Zeng|3382
Macosko|Inh_Pax5_Krt25_2,Zeng|3360
Macosko|Inh_Pax5_Lcp1,Zeng|3373
Macosko|Inh_Pax5_Niban1,Zeng|3323
Macosko|Inh_Pax5_Olig3_2,Zeng|3862
Macosko|Inh_Pax5_Padi1_2,Zeng|3437
Macosko|Inh_Pax5_Pgr15l_2,Zeng|3358
Macosko|Inh_Pax5_Slc12a7_1,Zeng|3143
Macosko|Inh_Pax5_Slc12a7_2,Zeng|3140
Macosko|Inh_Pax5_Sox21_3,Zeng|3450
Macosko|Inh_Pax5_Tmem176b_1,Zeng|3436
Macosko|Inh_Pax5_Tmem176b_2,Zeng|3441
Macosko|Inh_Pax5_Tmem176b_3,Zeng|3439
Macosko|Inh_Pax5_Tmem176b_5,Zeng|3442
Macosko|Inh_Pax6_Adra2a,Zeng|1277
Macosko|Inh_Pax6_Eya4_1,Zeng|994
Macosko|Inh_Pax6_Eya4_2,Zeng|993
Macosko|Inh_Pax6_Eya4_3,Zeng|990
Macosko|Inh_Pax6_Eya4_4,Zeng|989
Macosko|Inh_Pax6_Fbln2_1,Zeng|982
Macosko|Inh_Pax6_Foxd1_1,Zeng|1771
Macosko|Inh_Pax6_Foxd1_2,Zeng|1763
Macosko|Inh_Pax6_Gpr39_3,Zeng|992
Macosko|Inh_Pax6_Pdgfd_1,Zeng|1745
Macosko|Inh_Pax6_Pdgfd_5,Zeng|1698
Macosko|Inh_Pax7_Arhgap28_1,Zeng|2945
Macosko|Inh_Pax7_Arhgap28_3,Zeng|2943
Macosko|Inh_Pax7_Bmp5_1,Zeng|3578
Macosko|Inh_Pax7_Bmp5_2,Zeng|3567
Macosko|Inh_Pax7_Ecel1_2,Zeng|3549
Macosko|Inh_Pax7_Egflam_4,Zeng|3544
Macosko|Inh_Pax7_Egflam_7,Zeng|3550
Macosko|Inh_Pax7_Erfl_1,Zeng|2914
Macosko|Inh_Pax7_Erfl_3,Zeng|2915
Macosko|Inh_Pax7_Ngfr_Stc1,Zeng|1693
Macosko|Inh_Pax7_P2ry10b_3,Zeng|3001
Macosko|Inh_Pax7_Pappa2_Stc1,Zeng|2924
Macosko|Inh_Pax7_Qrfpr_1,Zeng|3264
Macosko|Inh_Pax7_Qrfpr_2,Zeng|3266
Macosko|Inh_Pax7_Qrfpr_3,Zeng|3265
Macosko|Inh_Pax7_Rxfp3_2,Zeng|2930
Macosko|Inh_Pax7_Samd3,Zeng|3518
Macosko|Inh_Pax7_Slc38a11,Zeng|2923
Macosko|Inh_Pax7_Slc9a3,Zeng|3566
Macosko|Inh_Pax7_Stc1_1,Zeng|2917
Macosko|Inh_Pax7_Tshr,Zeng|3581
Macosko|Inh_Pax7_Vmn1r207_4,Zeng|3014
Macosko|Inh_Pax7_Vmn1r207_5,Zeng|3012
Macosko|Inh_Pax7_Vmn1r207_6,Zeng|3010
Macosko|Inh_Pax7_Vmn1r207_7,Zeng|3007
Macosko|Inh_Pax8_A830031A19Rik_3,Zeng|4409
Macosko|Inh_Pax8_Agtr1a,Zeng|3444
Macosko|Inh_Pax8_Agtr1b_1,Zeng|4397
Macosko|Inh_Pax8_Apbb1ip,Zeng|34137
Macosko|Inh_Pax8_Asb4_1,Zeng|4437
Macosko|Inh_Pax8_Asb4_2,Zeng|4417
Macosko|Inh_Pax8_Aym1,Zeng|3842
Macosko|Inh_Pax8_Calcr,Zeng|2919
Macosko|Inh_Pax8_Hhip,Zeng|4101
Macosko|Inh_Pax8_Kcng3,Zeng|34123
Macosko|Inh_Pax8_Krt19,Zeng|4438
Macosko|Inh_Pax8_Otp_3,Zeng|2921
Macosko|Inh_Pax8_Qrfpr_2,Zeng|24742
Macosko|Inh_Pax8_Sfrp1_4,Zeng|34330
Macosko|Inh_Pax8_Sfrp1_5,Zeng|34328
Macosko|Inh_Pax8_Sfrp1_9,Zeng|24709
Macosko|Inh_Pax8_Slc16a12_4,Zeng|4439
Macosko|Inh_Pax8_Sox6_1,Zeng|4001
Macosko|Inh_Pax8_Sp9_3,Zeng|3377
Macosko|Inh_Pax8_Sp9_6,Zeng|3376
Macosko|Inh_Pax8_Tac2,Zeng|34141
Macosko|Inh_Pax8_Vgll3,Zeng|4402
Macosko|Inh_Pax8_Vmn1r196,Zeng|3438
Macosko|Inh_Pde11a_Atp2c2_1,Zeng|1820
Macosko|Inh_Pde11a_Pgm5_3,Zeng|1835
Macosko|Inh_Pde11a_Pgm5_6,Zeng|1836
Macosko|Inh_Plpp4_Aox3_1,Zeng|1384
Macosko|Inh_Plpp4_Aox3_5,Zeng|1390
Macosko|Inh_Plpp4_Cartpt,Zeng|1322
Macosko|Inh_Plpp4_Fbln5,Zeng|1387
Macosko|Inh_Plpp4_Fn1,Zeng|1299
Macosko|Inh_Plpp4_Pdgfd,Zeng|1321
Macosko|Inh_Plpp4_Ret,Zeng|1383
Macosko|Inh_Pou3f1_Npnt,Zeng|2957
Macosko|Inh_Pou6f2_Cartpt,Zeng|3849
Macosko|Inh_Pou6f2_Kcnj5,Zeng|3846
Macosko|Inh_Pou6f2_Lamp3_1,Zeng|3993
Macosko|Inh_Pou6f2_Pi15_2,Zeng|4017
Macosko|Inh_Pou6f2_Pi15_3,Zeng|3981
Macosko|Inh_Ppp1r1b_Drd1_Adamtsl5,Zeng|1273
Macosko|Inh_Ppp1r1b_Drd1_Ccn1,Zeng|1263
Macosko|Inh_Ppp1r1b_Drd1_Pkib,Zeng|1192
Macosko|Inh_Ppp1r1b_Drd1_Prima1,Zeng|1092
Macosko|Inh_Ppp1r1b_Drd1_Rbp1_6,Zeng|1257
Macosko|Inh_Ppp1r1b_Drd1_Shisa8_3,Zeng|1255
Macosko|Inh_Ppp1r1b_Drd1_Tacr1_1,Zeng|1264
Macosko|Inh_Ppp1r1b_Drd1_Tacr1_2,Zeng|1268
Macosko|Inh_Ppp1r1b_Drd2_Atf3,Zeng|1078
Macosko|Inh_Ppp1r1b_Drd2_Fos,Zeng|1065
Macosko|Inh_Ppp1r1b_Drd2_Pde1a_Myo3b,Zeng|1057
Macosko|Inh_Ppp1r1b_Drd2_Sema5d_1,Zeng|1086
Macosko|Inh_Ppp1r1b_Drd2_Sema5d_2,Zeng|1074
Macosko|Inh_Ppp1r1b_Drd2_Stard8_1,Zeng|1075
Macosko|Inh_Prox1_Dcn_2,Zeng|3141
Macosko|Inh_Prox1_Draxin,Zeng|1361
Macosko|Inh_Sall3_Bmper_2,Zeng|912
Macosko|Inh_Sall3_Cytip_1,Zeng|910
Macosko|Inh_Sall3_Cytip_3,Zeng|902
Macosko|Inh_Sall3_Prss23,Zeng|916
Macosko|Inh_Sall3_Sp8,Zeng|901
Macosko|Inh_Sall3_Trhr_1,Zeng|911
Macosko|Inh_Sel1l3_Zfp385c_2,Zeng|1385
Macosko|Inh_Sidt1_Drd1_Npffr2_2,Zeng|1261
Macosko|Inh_Sidt1_Drd1_Pax6_2,Zeng|1048
Macosko|Inh_Six3_Aldh3b2_2,Zeng|1528
Macosko|Inh_Six3_Anxa2,Zeng|3317
Macosko|Inh_Six3_Bmp3_Ano1_2,Zeng|3305
Macosko|Inh_Six3_Casr,Zeng|3295
Macosko|Inh_Six3_Ccdc68_2,Zeng|3238
Macosko|Inh_Six3_Cd40,Zeng|3312
Macosko|Inh_Six3_Dpp4_Pgm5,Zeng|1518
Macosko|Inh_Six3_Dpy19l2_4,Zeng|3340
Macosko|Inh_Six3_Drd3_1,Zeng|3327
Macosko|Inh_Six3_Drd3_2,Zeng|3331
Macosko|Inh_Six3_Enpep,Zeng|3329
Macosko|Inh_Six3_Fgf15,Zeng|3169
Macosko|Inh_Six3_Gchfr_1,Zeng|3162
Macosko|Inh_Six3_Ikzf1_1,Zeng|3311
Macosko|Inh_Six3_Krt18,Zeng|3150
Macosko|Inh_Six3_Met_3,Zeng|3332
Macosko|Inh_Six3_Met_4,Zeng|3184
Macosko|Inh_Six3_Myo5b,Zeng|845
Macosko|Inh_Six3_Myocd,Zeng|3282
Macosko|Inh_Six3_Nkx2-2_Galnt15,Zeng|3273
Macosko|Inh_Six3_Nkx2-2_Yap1,Zeng|3288
Macosko|Inh_Six3_Ofcc1_1,Zeng|3292
Macosko|Inh_Six3_Piezo2,Zeng|1785
Macosko|Inh_Six3_Ptger3_1,Zeng|3148
Macosko|Inh_Six3_Ptger3_2,Zeng|3129
Macosko|Inh_Six3_Pvalb_Angpt1,Zeng|1789
Macosko|Inh_Six3_Pvalb_Cplx3_1,Zeng|1791
Macosko|Inh_Six3_Pvalb_Itga6,Zeng|1798
Macosko|Inh_Six3_Pvalb_Npy_1,Zeng|1797
Macosko|Inh_Six3_Pvalb_Npy_2,Zeng|1796
Macosko|Inh_Six3_Pvalb_Pdzrn4,Zeng|1792
Macosko|Inh_Six3_Pvalb_Rxfp2_1,Zeng|1780
Macosko|Inh_Six3_Sall3,Zeng|3153
Macosko|Inh_Six3_Serpinb1b_Sox3,Zeng|1457
Macosko|Inh_Six3_Sox21,Zeng|3333
Macosko|Inh_Six3_Sox2_8,Zeng|3322
Macosko|Inh_Six3_Tmem45b,Zeng|3185
Macosko|Inh_Six6_Th,Zeng|1966
Macosko|Inh_Six6_Vipr2_10,Zeng|1467
Macosko|Inh_Six6_Vipr2_3,Zeng|1431
Macosko|Inh_Six6_Vipr2_4,Zeng|1430
Macosko|Inh_Six6_Vipr2_5,Zeng|1429
Macosko|Inh_Six6_Vipr2_6,Zeng|1427
Macosko|Inh_Six6_Vipr2_7,Zeng|1428
Macosko|Inh_Six6_Vipr2_9,Zeng|1465
Macosko|Inh_Skor2_Emx1_3,Zeng|3396
Macosko|Inh_Sncg_Calcb_5,Zeng|665
Macosko|Inh_Sncg_Edn3,Zeng|677
Macosko|Inh_Sncg_Slc17a8,Zeng|684
Macosko|Inh_Sncg_Sln_Npy,Zeng|692
Macosko|Inh_Sncg_Sln_Plch2_1,Zeng|689
Macosko|Inh_Sox14_Skor1,Zeng|2032
Macosko|Inh_Sox1_Cd40,Zeng|3364
Macosko|Inh_Sox1_Chrna5,Zeng|3234
Macosko|Inh_Sox1_Igfbp2_2,Zeng|3221
Macosko|Inh_Sox1_Mrgpra2b,Zeng|3225
Macosko|Inh_Sox2_Bves_2,Zeng|3461
Macosko|Inh_Sox2_Ikzf1_8,Zeng|3465
Macosko|Inh_Sox6_Btc,Zeng|1179
Macosko|Inh_Sox6_Chrna2,Zeng|2994
Macosko|Inh_Sox6_Chrna5_2,Zeng|2996
Macosko|Inh_Sox6_Postn_2,Zeng|2997
Macosko|Inh_Sox8_Calcrl_10,Zeng|1066
Macosko|Inh_Sox8_Calcrl_6,Zeng|1061
Macosko|Inh_Sox8_Cyp26b1,Zeng|1005
Macosko|Inh_Sox8_Sh3d21_2,Zeng|1007
Macosko|Inh_Sp8_Abcb5_Krt73,Zeng|713
Macosko|Inh_Sp8_Ctsc_1,Zeng|919
Macosko|Inh_Sp8_Ctsc_2,Zeng|918
Macosko|Inh_Sp8_Ctsc_3,Zeng|867
Macosko|Inh_Sp8_Fbxw13,Zeng|972
Macosko|Inh_Sp8_Mc4r,Zeng|957
Macosko|Inh_Sp8_Sox6_1,Zeng|4028
Macosko|Inh_Sp8_Spp1_1,Zeng|949
Macosko|Inh_Sp8_Spp1_2,Zeng|967
Macosko|Inh_Sp8_Vip_1,Zeng|3994
Macosko|Inh_Tbx3_Atf7ip2,Zeng|5360
Macosko|Inh_Tbx3_Scn11a,Zeng|2000
Macosko|Inh_Tfap2a_Aldh1a3,Zeng|4164
Macosko|Inh_Tfap2a_Cdh1,Zeng|4170
Macosko|Inh_Tfap2a_Chrdl2_2,Zeng|4146
Macosko|Inh_Tfap2a_Nxf7,Zeng|4153
Macosko|Inh_Tfap2a_Prkcd,Zeng|4154
Macosko|Inh_Tfap2a_Pthlh_2,Zeng|4161
Macosko|Inh_Tfap2a_Pthlh_3,Zeng|4166
Macosko|Inh_Tfap2a_Scrg1_1,Zeng|4163
Macosko|Inh_Tfap2a_Sla,Zeng|4167
Macosko|Inh_Tfap2a_Slc6a12,Zeng|4152
Macosko|Inh_Tfap2b_Aym1_1,Zeng|34312
Macosko|Inh_Tfap2b_Cdh23_1,Zeng|3528
Macosko|Inh_Tfap2b_Dcn_2,Zeng|3534
Macosko|Inh_Tfap2b_Dcn_3,Zeng|3268
Macosko|Inh_Tfap2b_Gabrq_1,Zeng|34321
Macosko|Inh_Tfap2b_Gata3_4,Zeng|3526
Macosko|Inh_Tfap2b_Kcnmb1_1,Zeng|3259
Macosko|Inh_Tfap2b_Met,Zeng|3535
Macosko|Inh_Tfap2b_Ntrk1,Zeng|3271
Macosko|Inh_Tfap2b_Postn_2,Zeng|34308
Macosko|Inh_Tfap2b_Pthlh,Zeng|3537
Macosko|Inh_Tfap2b_Tll2_4,Zeng|3539
Macosko|Inh_Tfap2b_Tnc,Zeng|3261
Macosko|Inh_Tfap2b_Tspo2,Zeng|3553
Macosko|Inh_Tfap2b_Tspo2_1,Zeng|3527
Macosko|Inh_Tfap2b_Tspo2_3,Zeng|3521
Macosko|Inh_Tfap2b_Vip_2,Zeng|34311
Macosko|Inh_Tmem200a_Esr2,Zeng|1288
Macosko|Inh_Usp43_Arhgap6,Zeng|1295
Macosko|Inh_Vcan_Htr3a,Zeng|1344
Macosko|Inh_Vcan_St8sia2_1,Zeng|1350
Macosko|Inh_Vcan_St8sia2_5,Zeng|1347
Macosko|Inh_Vcan_St8sia2_6,Zeng|1342
Macosko|Inh_Vip_Crh_1,Zeng|649
Macosko|Inh_Vip_Crh_2,Zeng|648
Macosko|Inh_Vip_Glp1r_Kcnh5,Zeng|667
Macosko|Inh_Vip_Grpr,Zeng|628
Macosko|Inh_Vip_Slc17a8,Zeng|650
Macosko|Inh_Vip_Sncg_Slit1,Zeng|622
Macosko|Inh_Vip_Sncg_Tac2,Zeng|625
Macosko|Inh_Vip_Sncg_Yjefn3,Zeng|639
Macosko|Inh_Vip_Trim55_1,Zeng|1374
Macosko|Inh_Vip_Trim55_7,Zeng|1376
Macosko|Inh_Vwc2l_Colq,Zeng|1289
Macosko|Inh_Vwc2l_Otogl1_1,Zeng|1343
Macosko|Inh_Vwc2l_Otogl1_2,Zeng|1281
Macosko|Inh_Vwc2l_Otogl1_3,Zeng|1285
Macosko|Lymphocyte_Itgal_Il1rl1,Zeng|5272
Macosko|Lymphocyte_Pou2af1_Ms4a4c,Zeng|5275
Macosko|Macro_Mrc1_Cd209a,Zeng|5279
Macosko|Macro_Mrc1_Ms4a4a,Zeng|5268
Macosko|Micro_Selplg_Siglech,Zeng|5283
Macosko|NG_Draxin_1,Zeng|1406
Macosko|NG_Draxin_2,Zeng|1408
Macosko|NG_Draxin_5,Zeng|1371
Macosko|NG_Draxin_7,Zeng|1372
Macosko|Ng_Lhx1_Gcgr,Zeng|2766
Macosko|Ng_Lhx1_Trp73,Zeng|2767
Macosko|NorEx_Phox2b_Gch1,Zeng|3972
Macosko|NorEx_Phox2b_Gfral_2,Zeng|3966
Macosko|NorEx_Phox2b_Pmnt_1,Zeng|3934
Macosko|NorEx_Phox2b_Ppara_1,Zeng|3971
Macosko|NorEx_Phox2b_Ppara_2,Zeng|3967
Macosko|NorEx_Phox2b_Tmem45a2_1,Zeng|3968
Macosko|Nor_Phox2b_Prlh,Zeng|3935
Macosko|OPC_Cspg5,Zeng|5203
Macosko|OlfactoryEnsheathing_Alx4_Gprc5c,Zeng|5239
Macosko|OlfactoryEnsheathing_Alx4_Prss56,Zeng|5241
Macosko|Oligo_Klk6_1,Zeng|5232
Macosko|Oligo_Opalin_Synpr,Zeng|5231
Macosko|SerEx_Fev_9130008F23Rik,Zeng|2849
Macosko|SerEx_Nkx6-1_Trh_2,Zeng|3871
Macosko|SerInh_Fev_Fbxw28,Zeng|2852
Macosko|Ser_Fev_Chodl,Zeng|2851
Macosko|Ser_Fev_Siglec15,Zeng|2836
Macosko|Tanycyte_Rax_Fndc3c1_2,Zeng|14914
